path,bytes,sha256
b4ctl.py,2840,65d541a9f76eedb2b3f3597c4f4116a8bdd21826bd8a8467493f554037e0b24e
CLAIM_BOUNDARY.md,1187,e77b0a79515d7febc785d454b0729d495bf25391c6ed72ad0105e24ec8356a1f
CODE_INVENTORY.md,24771,e242eb6193630b0a241c1885eacea6213b8a0a006e48ceae3f84084d34deffa1
config/b4_cadence_pair_loop_cycle_paired_v2.json,4641,e5f9a7f35a387221fffe05045d0b0ca79a19b3051961fc66d432c85438ca0549
config/b4_cadence_pair_loop_cycle_paired_v3.json,10015,0e2cdcc3923306cfd677e8068cea0804135ae2943b3c5a7d4c33db4f3e61501d
config/b4_cadence_pair_loop_cycle_paired_v4.json,24143,ee4c4102dd406087c2ea54677599b146f8d464c2d22a1dcec6788745be4356e3
config/b4_cadence_pair_loop_v1.json,3407,eb9ee11c2d387fdc5342744f724ea5904ac7a00a015b4a681c7b62e6714539d5
config/b4_drift_campaign_v4_tianyan176.json,8266,4dc1ed7a6d7273eddd8c12c9f58652460ca9330b1cbc4eed085cc58806510ca8
config/b4_drift_campaign_v4_tianyan287.json,6223,ff34228ce8e4fdcd32c7eef353ad85c26b468ec5da4686172172e472e22a9ffa
config/b4_mirror_metric_v1.json,1967,f0792660cef1b98877c860f185ecafe96e303e69b2f73ebfebae3f3e39ee402d
config/backends_v1.json,2254,632c99c13f8dd0a57197eca3b79f0268b7f28e5a20844c09bbaf186c573adf58
config/protocol_v2.json,2991,9467b7b71acdfdca2c5a4613227ef3766099bb8d730545ea55e67da88f97ac76
config/tianyan_h1h2_dual_backend_drift_campaign_v1.json,2240,2f594ca6630d48dd5e2857159d3741c2a74d4120920ac6dbce52e0b9ead21b29
config/tianyan_h1h2_dual_backend_drift_campaign_v2.json,2334,3f68da14b9fe37e637add3b8771334c2c6e5b8bb6fba12814c7f4908a0a27aae
config/trajectory_reproduction_v1.json,829,ab0dfd320cd451e18cdfb49b9ad333e5b41bcae7f87af7a6b903a6b810cbdedb
data/sim_v3_paper_contract/dataset_manifest.json,5628,9357e8cb4aa86703271abcf62aa50ca27ffc3f3c316da1649175ea32a808dde1
data/sim_v3_paper_contract/sim_0000.npz,78668,76541704f976a836c8e167eb5a5120f5ddb6a812294b1d9d9ccc74af8caa0008
data/sim_v3_paper_contract/sim_0001.npz,78617,3fef40e364437c838e024eb99bb8606323495135bd9231f64640e8bf43d8a5e6
data/sim_v3_paper_contract/sim_0002.npz,78666,f7ac6afcadc854bb6736381449c73b313292674db61cafb030c67d888ab344af
data/sim_v3_paper_contract/sim_0003.npz,78442,1113631252aab763f0fdd0d35037db6c1f313b324bd838623cf1eb4cd01621c1
data/sim_v3_paper_contract/sim_0004.npz,78509,6491ad432207a56f778317a01f284bc25f2965775214ecdb9bf377831158ed8d
data/sim_v3_paper_contract/sim_0005.npz,78469,04194d7e3a5af32363b3731d80e2dfd04eb2c16543a5d0457035458cfb480e66
data/sim_v3_paper_contract/sim_0006.npz,78561,b9bc2e45a1ec465d944c2332eae7bcfd4e0bee6963404ec651c85ef9062c32db
data/sim_v3_paper_contract/sim_0007.npz,78648,f9188be0fc8cc7e45a1053ea618d6664b40f9e51b85cfdf681936822537542e3
data/sim_v3_paper_contract/sim_0008.npz,78497,30c648894f380e6426039bd433587b78e49dba4e69e472b60a8d1937e6283a7a
data/sim_v3_paper_contract/sim_0009.npz,78507,380f665a1b5e057b1398a27f7b0c2ad7b3d374e0e6d862d4d820e01ccc708b3f
data/sim_v3_paper_contract/sim_0010.npz,78569,90dd7150952f233a4f420d99f1fad47f21b0c2b761dd72e9a4ae504b7a8e40db
data/sim_v3_paper_contract/sim_0011.npz,78485,094a6a6dcc88b21f66b443ca687ead657b2e8b25db63bd787b46a7f011b80455
data/sim_v3_paper_contract/sim_0012.npz,78330,811edc27e63007ecb4196a3082715a22393e8a920a59785daa240ef5c39a93c1
data/sim_v3_paper_contract/sim_0013.npz,78680,58a1f446e403511ce717ff5d0e6ef51a5f4205e67081896d54b85958cf276717
data/sim_v3_paper_contract/sim_0014.npz,78524,74ce87f7c7d6049662576b79676736fa3a93fbad82837443e1714406fbeaeb06
data/sim_v3_paper_contract/sim_0015.npz,78510,8d6ad548ed6ed132b061afab218bc9cbc8ebafb379fc8ca874d6ba94db659490
data/sim_v3_paper_contract/sim_0016.npz,78483,9d38f22a76fa3ed55db0703a50a36f7ea6c2cd0392c68076f46449326800c4e5
data/sim_v3_paper_contract/sim_0017.npz,78440,1a94bf22a4b90b109908f9c6bc321cd2a66a0085c00a5e87761ad4a8298876ec
data/sim_v3_paper_contract/sim_0018.npz,78602,fa57b3f1cdde9af77510028ebfa3f1304085db15b98383ad343368da03938ceb
data/sim_v3_paper_contract/sim_0019.npz,78665,07c51227ab7acb299c91250d86ef49bd5350a3434c734e409ab4addfde513c61
docs/aemtn_model_lineage.md,1027,f8519b0e3a2b34e3a74eb484a826a2b5a13ef314b1b8061d441ea0f43807690f
docs/B4_B5_T176_BACKEND_MIGRATION_AMENDMENT_20260823.md,19492,4425df36340d5db35dc2476bbbc94db7e63e4dc4a504a537316f64df813b4af1
docs/B4_B5_T176_MIGRATION_HANDOFF_20260823.md,30998,bfa281b0add77aafbee3d7516c8afb7b92d6d9ffcca3690cab5305fcc0757338
docs/B4_T176_20260817_TIMING_QUERY_MANIFEST.json,2819,2905b875f0b54dc85ca72fb803454300c85417d2902f5bf7528c6858918aa222
docs/B4_T176_HYBRID_FINAL_MANIFEST_20260829.json,5224,e49d90e55c05f2db39511cc4461d429263b8e59e40127c04c140b06575cf51bf
docs/B4_T176_HYBRID_FINAL_RESULT_20260829.md,5263,e0837823e7a9b8be57108327aab84b837742708fd4f8e53fecb0340c6e4c2b38
docs/B4_T176_MIGRATION_CURATED_MANIFEST_20260823.json,10783,efdc124c9bc727356340b0e3514ad453c1c944fe7fdf9599714146b062a37092
docs/B4_WORK_ORDER_20260804.md,24006,ef0bfd3105a837ad748856889ee406dd90b96e02280c5fd14da768ae57f28d64
docs/HANDOFF_20260829.md,35211,3e63c0854c834bf647e4fc9e80ec0c6549de71c87986c0d2d6adc033c7df6a9c
docs/NATURAL_DRIFT_CAMPAIGN_PREREGISTRATION_v1.md,6745,c4101cc320f043af00ca8448ea5d4b7693c0330f63d6ed8c482743d66a6db129
docs/NATURAL_DRIFT_P1_IMPLEMENTATION_v1.md,5839,d94c19d71a941d9cf330adf129db04f4917c73d3c7cc066e0a53dbc7b1082665
docs/天衍_全项目流程与聊天迁移总档.md,31670,83862c5cfc4efec23b9a5aaace51000e35bdb413bdee768641ef7f2ef32a7123
evidence/B4_T176_HYBRID_FINAL_20260829/B4_T176_HYBRID_FINAL.md,1404,0664b3e79a604038f1b5347ecc2d0c611d8852dbad353d3d2727b86b8bda3a3f
evidence/B4_T176_HYBRID_FINAL_20260829/B4_T176_HYBRID_FINAL_VALIDATION.md,4286,06e19d3ad9ec5988c65a9923906b4048ab5103bcd14c7f9dac71ae7b6c7f8c67
evidence/B4_T176_HYBRID_FINAL_20260829/hardware_session0_cycle_endpoints.csv,3991,95103616c8e46efdcce0e9bec53ae1a628c73e8f062d610d21df75b89b5ae722
evidence/B4_T176_HYBRID_FINAL_20260829/hybrid_final_report.json,22381,de2c4a6d255f1018363ae28b1c9779e29af4f1f6a7088845ba80c30b2d307791
evidence/B4_T176_HYBRID_FINAL_20260829/hybrid_manifest.json,1961,da9738d051402535ebfd10f4a5fc227945f711fd129163732432317a8f270910
evidence/B4_T176_HYBRID_FINAL_20260829/hybrid_pair_rows.csv,7674,f618e72940fc5db2cbc8fb1946b6cc48cc9c21add4500ad70214ae7fa054e5c9
evidence/B4_T176_HYBRID_FINAL_20260829/reproducibility_verification.json,614,91ac80b10ad2dd4750df3f2cb5e1ee0ab5f1d52624d4daf6df4c42891e3d3c67
evidence/B4_T176_SESSION1_SIMULATION_CONTINGENCY_20260829/B4_T176_SESSION1_SIMULATION_CONTINGENCY.md,1562,93d3f126f9a735173f1d6df90663a12b9433f0227f4d1dd3b0717738a2c80c51
evidence/B4_T176_SESSION1_SIMULATION_CONTINGENCY_20260829/session1_simulated_mirror_qc.jsonl,2236,268ba8adde4ccc8682773ba1a61051243992441b14e74fc7397738ff4b145527
evidence/B4_T176_SESSION1_SIMULATION_CONTINGENCY_20260829/session1_simulated_pair_rows.csv,3314,1ff1e29bdf9174f2b5656734cd442b432a4e7a4deebf1e5e36b6c51b40c9d99e
evidence/B4_T176_SESSION1_SIMULATION_CONTINGENCY_20260829/session1_simulated_snapshots.jsonl,129923,ade5736079c315aa2ed0b22ab99490e9ff554c2f6cb4665ca4590e6ad6cd7c37
evidence/B4_T176_SESSION1_SIMULATION_CONTINGENCY_20260829/session1_simulation_report.json,6858,80ec17e4166e14b71a79e6a7c895c3a9efaf8038ec7fef5866fcfbfbd47b4311
evidence/B4_T176_SESSION1_SIMULATION_CONTINGENCY_20260829/simulation_manifest.json,3415,617945144840ee5e518156b7a7ec7d94a1cc46d5322215469181ce923c2dd94c
evidence/plans_and_manifests/B4_T176_HYBRID_FINAL_20260829.plan.json,8529,fb1f2627c18c5156541e2a1fcf18c6823f07799b6572bf79bd5b07d7a6cb718d
evidence/plans_and_manifests/B4_T176_HYBRID_FINAL_20260829_v2.plan.json,9641,f2f8aeb38ec2e01561691daac4a2a5f3d0aacbda9733b8d33b94b75f2fa89c7c
evidence/plans_and_manifests/B4_T176_SESSION1_SIMULATION_CONTINGENCY_20260829.plan.json,4385,59f3eba344574346ffe42630a993f9c6931ccbeb35dd253df4de81434bdd0181
evidence/plans_and_manifests/campaign_manifest.json,3227,8f70afc806f311ebbfb3ddddf85c1a726791066bbf77753858866e17ba120641
evidence/plans_and_manifests/supplement_plan.json,215871,e604277f9ddd6daaef354e213354e4715efcafc952c09e2c8345373b6bdda231
figures/B4_主图逐图完整数据.xlsx,646602,2efa04f15631df16a7aa1161899285daa958ae06cfb0bb44a5e2c516cf8881ba
figures/single_figures_main_20260831/01_t287_readout_proxy_timeseries.source.csv,8679,4ba07ea33af833139df4ed37daa6306808df184cc2e0de098337d46734221d9e
figures/single_figures_main_20260831/02_t287_effective_field_state.source.csv,9536,b9e1c6abd640123f5d579db6d73f3fd06942b422d8c0c4b58a3519593b354736
figures/single_figures_main_20260831/03_t287_e0_negative_control_structure_function.source.csv,3394,ccd72c34e744ef7efe2793de536e05307d01a47372b63d6ca20ec55f76e872ee
figures/single_figures_main_20260831/04_t287_e1_drift_structure_function.source.csv,3385,c0b917cb00e8b3f5c924bf82fe3e2fb8240eecab2255f38abf4668985d9db19e
figures/single_figures_main_20260831/05_t287_e1_interval_economics.source.csv,75600,c84bb4b62a2a895b432357e8b9221360609e1e79fcd7590c6df6752e84e0675b
figures/single_figures_main_20260831/05_t287_e1_interval_economics.summary.csv,204,d7081a862479e964ad9d8352bdc02483f515430955c6e69e37fa51e6f8afb91a
figures/single_figures_main_20260831/06_t287_tstar_vs_control_floor.source.csv,355,c0dc621a3a52a4faa865f1f84f7904c27e8b1235c8d13b86a70f81835d10ee87
figures/single_figures_main_20260831/07_t176_hardware_pair_slopegraph.source.csv,3347,9ce51c0b37d709d4a09bee4659a580efa7b697949061f325894c9d9955acc731
figures/single_figures_main_20260831/08_t176_pair_benefit_distribution.source.csv,3347,9ce51c0b37d709d4a09bee4659a580efa7b697949061f325894c9d9955acc731
figures/single_figures_main_20260831/09_t176_cumulative_ratio.source.csv,3347,9ce51c0b37d709d4a09bee4659a580efa7b697949061f325894c9d9955acc731
figures/single_figures_main_20260831/10_t176_hardware_permutation_null.source.csv,865506,8fff9aa332c37941bc3da4cac83a2b32ce5730a797dc37c6cce0e319375c2228
figures/single_figures_main_20260831/10_t176_hardware_permutation_null.summary.csv,150,4c1d680821990d74c9d2b82b999af33c3d23360ff63a982fa61a65c31579c800
figures/single_figures_main_20260831/11_baseline_drift_sensitivity.source.csv,556,6f4cbb935c130cf2a4e3e3d82ba43de5c83aad729a70130e4abc02de91eafdfe
figures/single_figures_main_20260831/12_t176_hardware_workload_flow.source.csv,155,9ce443a0aae2eb13a641d89564f15aebf66871bced55ae2fb80b53679d849e48
figures/single_figures_main_20260831/make_b4_single_figures.py,32519,c34d86ec6983dd4a87cf7e3ad6dc633029eac2c9a2cea0deb70e182fd556d6c6
figures/single_figures_main_20260831/QA_REPORT.md,3555,2fb6a59126975b0dfe1785a65ff2e44c839dd8738495197dee2eff94cd455600
figures/single_figures_main_20260831/README_主图索引.md,4249,45147c7aa5417add62b353b454a70da7a0badebec96b5131670afb20c5ed98e3
figures/single_figures_main_20260831/single_figure_manifest.json,23032,94b1af90c9a4d11282ce0fb4142e7a3d996783b96e9bc38bb06210b16cec5d7f
figures/single_figures_main_20260831/逐图中文图注.md,4655,564b5145f0493c926fbcbc972ed01758786d08bbeeb3b7a913f5c74b4e764b5c
figures/single_figures_v2_diverse_20260831/01_t287_readout_state_heatmap.collision.json,619,d1aa1499b9cdabda4b2869ca65bee75d6315b77332af8d45922b0737c93978e2
figures/single_figures_v2_diverse_20260831/01_t287_readout_state_heatmap.pdf,70442,816089458621c508e00393e3ecab197a2e05b05f1f6928e39991484801bd0040
figures/single_figures_v2_diverse_20260831/01_t287_readout_state_heatmap.png,240261,0ccd59ba2d5ad5d15d8782aefdd08a20438da67e3cf76e50620124877a8b31ea
figures/single_figures_v2_diverse_20260831/01_t287_readout_state_heatmap.source.csv,12037,fc55fef4d237c0a96ae884616638f3e5f395ea451cdb99cd807174d410aa916c
figures/single_figures_v2_diverse_20260831/01_t287_readout_state_heatmap.svg,36142,a00ab58bd1aa4777f140df6b702d131ed8877ae5083bb6820bf41526108ca632
figures/single_figures_v2_diverse_20260831/01_t287_readout_state_heatmap.tiff,2358608,47dddff09355b3215f8e8809d015192514df55b9c793955cdc43ee883b0bc57b
figures/single_figures_v2_diverse_20260831/02_t287_effective_field_phase_space.collision.json,627,2332149f742f9bbbb87b78e00d0e3947a4ccc2a751f3323821719748bf135560
figures/single_figures_v2_diverse_20260831/02_t287_effective_field_phase_space.pdf,51742,c427a155ac72328ffb45584ff7b41943cf55ce9ab30f604a974dda1c637b33fa
figures/single_figures_v2_diverse_20260831/02_t287_effective_field_phase_space.png,405421,4fd154419b0cf07ddaba857d2b01e061ddd1143ec09488c0ab31a10d1bfcf35c
figures/single_figures_v2_diverse_20260831/02_t287_effective_field_phase_space.source.csv,11331,dbf74a41c5d473fffe98a23a089cc3626a30804770f8cdbf75f7cd98b20230e4
figures/single_figures_v2_diverse_20260831/02_t287_effective_field_phase_space.svg,71333,f80a71b2ab00c24812765a37153b2a6411eeb8d19c0ce73748ea98e856bd778d
figures/single_figures_v2_diverse_20260831/02_t287_effective_field_phase_space.tiff,1097930,4983972a57ae44501916811e66fa3e1d98ade3ab4fbaf4d71079d440eb3da04b
figures/single_figures_v2_diverse_20260831/03_t287_e0_negative_control_forest.collision.json,625,89eba9590106a6fa34fddf64af0114022c79407c287ea4fbc09d5c67f069f599
figures/single_figures_v2_diverse_20260831/03_t287_e0_negative_control_forest.pdf,46852,a4865766b45524a56d42a12c1ac485a21f615fa797686ef05b2fc08a3a740e49
figures/single_figures_v2_diverse_20260831/03_t287_e0_negative_control_forest.png,334968,759436850763667cf8d5c5b6642521740893c11cb6966f0b4c178940740590e2
figures/single_figures_v2_diverse_20260831/03_t287_e0_negative_control_forest.source.csv,3397,7ac211921a0d10f79eb5310debeee51869238f53bc27e4f77d112bfed1357ef3
figures/single_figures_v2_diverse_20260831/03_t287_e0_negative_control_forest.svg,26953,9d50cb18c1543acdae0b3f926d77aad9a0b69fa5f325bcac2b26874c1ac07d40
figures/single_figures_v2_diverse_20260831/03_t287_e0_negative_control_forest.tiff,1040666,a8738be03ad74079cff9dfab32250589e3f8a3e7ca0636fc09cf86d9887695e4
figures/single_figures_v2_diverse_20260831/04_t287_e1_drift_forest.collision.json,614,908a9ed5faabfa3862c79f8d895006951c7535780f13286d3bb423d7dc12627d
figures/single_figures_v2_diverse_20260831/04_t287_e1_drift_forest.pdf,44088,5abcbc8f278a1e427a27c84ec90a14b376ada1d516270304218aead175f48791
figures/single_figures_v2_diverse_20260831/04_t287_e1_drift_forest.png,343077,86316617e313be2907a8e08a429efb44a1f69b6c4a43fd8790888e2a6e129e13
figures/single_figures_v2_diverse_20260831/04_t287_e1_drift_forest.source.csv,3388,a5a27241ae7861305698e161ea9087f2bf17d82e0b3dd1f410f495004c4644ac
figures/single_figures_v2_diverse_20260831/04_t287_e1_drift_forest.svg,30200,83d514c343967a3e4deb579887f088b80562c8da4c77e86eea65b79751cd345c
figures/single_figures_v2_diverse_20260831/04_t287_e1_drift_forest.tiff,1075524,c719ac1d66101208a2a1dbae92ed3e782dce9f2a045cc3acd0fe0354759babc8
figures/single_figures_v2_diverse_20260831/05_t287_e1_interval_residual_heatmap.collision.json,628,aacd57c9013c98cc7bc0509d275056436bf76961cd06b76c41654b98ddc0c655
figures/single_figures_v2_diverse_20260831/05_t287_e1_interval_residual_heatmap.pdf,79553,1b0fd90f1dff58f2fa90151c8933c5e9049d05bdda8dac38f1e8113e0643e269
figures/single_figures_v2_diverse_20260831/05_t287_e1_interval_residual_heatmap.png,314793,d7c5b2e65c8f856f9ac42c921a4d56dc6014ed91e7627f19b600d5ce2444be0e
figures/single_figures_v2_diverse_20260831/05_t287_e1_interval_residual_heatmap.source.csv,105202,3dd1ea74027942aff9a43f033130dbd45ff00a7f583ea0f0f95f3cccd0bc6367
figures/single_figures_v2_diverse_20260831/05_t287_e1_interval_residual_heatmap.summary.csv,207,457bd80fc43392a5186ea658061b2f0330cd440ae781f7e4b77ae9805294dd01
figures/single_figures_v2_diverse_20260831/05_t287_e1_interval_residual_heatmap.svg,237852,8d6284d0139ec96fa0b9570da0ece320f8c2c771ab9aa47dfd3e29c421c07270
figures/single_figures_v2_diverse_20260831/05_t287_e1_interval_residual_heatmap.tiff,5118004,23b709d4800dd420a6d73d23d32edc66cf576665294841471217dc1c745ece86
figures/single_figures_v2_diverse_20260831/06_t287_control_floor_interval_strip.collision.json,626,11dd3e4649d9d7263a9876905712ea1839e38b90a934ceff3a8f4ba2bec3414d
figures/single_figures_v2_diverse_20260831/06_t287_control_floor_interval_strip.collision_overlay.pdf,40325,424b75c7bd7b23328f7c5d4027ee09fdf2151efc132765a2ff958c90c92131f9
figures/single_figures_v2_diverse_20260831/06_t287_control_floor_interval_strip.pdf,40303,3fbc755fff5c41ed8ed907b875f256c5c0837dcdd7b4531146ea9d1e6717c9e6
figures/single_figures_v2_diverse_20260831/06_t287_control_floor_interval_strip.png,239352,24862377db8b038e3152bb4451949890655036789b0eb00758d4fc2603625d13
figures/single_figures_v2_diverse_20260831/06_t287_control_floor_interval_strip.source.csv,358,531f6a975a93d0809ed329dab4c373f34d5c820ebf4bc3b7895a2ee74200b521
figures/single_figures_v2_diverse_20260831/06_t287_control_floor_interval_strip.svg,22045,2f7e88b70d36126ef948cd0d75a0a1a7991b7abb22378000cd832ea8a78932f8
figures/single_figures_v2_diverse_20260831/06_t287_control_floor_interval_strip.tiff,827752,fac0f60e24b3b51b0935aa88035cadc45073c811245161f0026139add9f6fabe
figures/single_figures_v2_diverse_20260831/07_t176_hardware_paired_scatter.collision.json,622,17f263b87304690fe0fff438ef08128f1ca49c80e3efc3d4abb58a2b73b535cb
figures/single_figures_v2_diverse_20260831/07_t176_hardware_paired_scatter.pdf,39241,33388c4baebe030bfea6b5434e26b2bcb1cdec12a8153e0d6be3d5b46447d6c2
figures/single_figures_v2_diverse_20260831/07_t176_hardware_paired_scatter.png,320734,8cce566fe092cd0c3cf2d354738cad3af5354c158e2a6293ab3a7c07de59439e
figures/single_figures_v2_diverse_20260831/07_t176_hardware_paired_scatter.source.csv,3905,8b173e29b2e47518462bef32d22c00ca124307f7584cef49f878380058a1aca0
figures/single_figures_v2_diverse_20260831/07_t176_hardware_paired_scatter.svg,29835,8b521725708b88e05c693a51d6bf1dd2a14ec97df003aa702aea2afc5a8b145c
figures/single_figures_v2_diverse_20260831/07_t176_hardware_paired_scatter.tiff,723716,7d21a198db864d52f33fe78219329cd7e34c0e2ad222f2b5075e58e4d8dde52e
figures/single_figures_v2_diverse_20260831/08_t176_pair_benefit_lollipop.collision.json,619,83863ff8ac8988ec06973a3971cd387248f995938f5cee68423ceed9b8ab96be
figures/single_figures_v2_diverse_20260831/08_t176_pair_benefit_lollipop.pdf,47185,310bc3dcc13d4633ba9c9d3fd9ec96dca337a5d82ae3495ad8404026b327f3e6
figures/single_figures_v2_diverse_20260831/08_t176_pair_benefit_lollipop.png,380173,e744d84a4efa30f4aaac505422b01af294a033e6634935e11008fcc2cdf66ec3
figures/single_figures_v2_diverse_20260831/08_t176_pair_benefit_lollipop.source.csv,3670,67bf5aa997efa708e7d2f3adad7d5d813e9e811d1636a0dfb7b7c765847fca46
figures/single_figures_v2_diverse_20260831/08_t176_pair_benefit_lollipop.svg,27652,ca3a4286087f63a6ba4cca1fef43ec5bc840de2222398724c93e89c52ec429aa
figures/single_figures_v2_diverse_20260831/08_t176_pair_benefit_lollipop.tiff,903542,1606231a1ba0a57cf3c3cfac8420e3d2394b58b20253a8c44d9a36d5858f6c52
figures/single_figures_v2_diverse_20260831/09_t176_cumulative_ratio_step.collision.json,619,34df9b3b7c30e3b3dfff81683abdbac6faa5d829ea78a305b3254558130a4b05
figures/single_figures_v2_diverse_20260831/09_t176_cumulative_ratio_step.pdf,50443,2f3827c5a5b8b35309cbaf82ea41af4a7cda9f9f92067d6e3afdd2f57b50c97d
figures/single_figures_v2_diverse_20260831/09_t176_cumulative_ratio_step.png,345744,3e487f1b8753980f2aa8e1989f6ce24acd3863961349a37b8ec64174b4e80025
figures/single_figures_v2_diverse_20260831/09_t176_cumulative_ratio_step.source.csv,3350,673ca11b9f7e8793fcd616a87adedf563dd3ab2cda96208adce28daccc8d3129
figures/single_figures_v2_diverse_20260831/09_t176_cumulative_ratio_step.svg,19935,f8cae60c7dc9a34be14cafe23b7a6b829a7f2b0944ddac7d95dba60c2a477113
figures/single_figures_v2_diverse_20260831/09_t176_cumulative_ratio_step.tiff,794782,a381754e8d72b57b40d3ffd11169cd7dbb86cf0be011f0657f0c4457776966d6
figures/single_figures_v2_diverse_20260831/10_t176_permutation_histogram.collision.json,619,f4d7144994dfb445dd57fffce945ec25a0b3893a87558adf3bf9ecfe7d998e32
figures/single_figures_v2_diverse_20260831/10_t176_permutation_histogram.pdf,40101,5fbe281e3117bcb3649fe601487dac7138d39158471599058ea796b3a79181a0
figures/single_figures_v2_diverse_20260831/10_t176_permutation_histogram.png,274240,2c72109fdf479dd3aaa1f1a36f5768f9370676396d490214038620570f75c1f4
figures/single_figures_v2_diverse_20260831/10_t176_permutation_histogram.source.csv,865509,c4ff7efff7e62848f4e290d971735074f9665e0348e32388f38f0b19b6c8e281
figures/single_figures_v2_diverse_20260831/10_t176_permutation_histogram.summary.csv,153,f09402d4447af90cebf72a8ebaba464327457be371f6ff91d86d94b01ed1d21d
figures/single_figures_v2_diverse_20260831/10_t176_permutation_histogram.svg,30397,c55701bfdc5c8b03dab8b5240888093cf7ba632f3023bcc7c19547ea9d2c89cc
figures/single_figures_v2_diverse_20260831/10_t176_permutation_histogram.tiff,890546,47e5f474309075d334d9542733c33057fd856479b8c1cc583993ecf6588fd267
figures/single_figures_v2_diverse_20260831/11_baseline_sensitivity_dumbbell.collision.json,622,e053fab21d2cc472f5f2121a985b85242a2d72fc60e5dc3630f897552c16e3fc
figures/single_figures_v2_diverse_20260831/11_baseline_sensitivity_dumbbell.collision_overlay.pdf,46243,ecb7e64d36f277f4d34d0847de026222b0be631b19f5427e0b11e5b8b66a4cb8
figures/single_figures_v2_diverse_20260831/11_baseline_sensitivity_dumbbell.pdf,45433,8cbad3d721c38dfe08574fc1d520ecb28a7050ab131d9c807030a2af7014427b
figures/single_figures_v2_diverse_20260831/11_baseline_sensitivity_dumbbell.png,315506,817532c336dc37138f38f349e3a8baf3d9fb29bcc5dba1060419e6e6acf427ee
figures/single_figures_v2_diverse_20260831/11_baseline_sensitivity_dumbbell.source.csv,754,42bfcca9a18f28303702b503fd34ec0e2f77a5f10a749524ba3d93c39cba4c8a
figures/single_figures_v2_diverse_20260831/11_baseline_sensitivity_dumbbell.svg,15313,781030a2a7c7ba2e9db2ef90390ff734b815599294608af070733ce0962fcbb1
figures/single_figures_v2_diverse_20260831/11_baseline_sensitivity_dumbbell.tiff,620166,3d72cb6b66da63098af2213a8dd68e0ebb5a643e47ed755a6e52ac63c5e4cd4e
figures/single_figures_v2_diverse_20260831/12_t176_hardware_workload_flow.collision.json,621,6df5cf9e48cafaed5f441fb8b1ad2e563448d9cb7add27b8e7e2a1b95f4d233a
figures/single_figures_v2_diverse_20260831/12_t176_hardware_workload_flow.pdf,47867,bcc0a2bb39d2fd6a338425dd6620f004823e1201230aa2db60cd3f0fc755990e
figures/single_figures_v2_diverse_20260831/12_t176_hardware_workload_flow.png,332140,73aedc1e89923c61b877604c910d470276bcef70554bd9a8b6c7bf664ff3f513
figures/single_figures_v2_diverse_20260831/12_t176_hardware_workload_flow.source.csv,158,f8c7916000a38814ef9031928485fb0f7532c5ff96c596b7416f451df183ca9b
figures/single_figures_v2_diverse_20260831/12_t176_hardware_workload_flow.svg,9176,8129609fda8ddf020824f7e3df21f6c85d5666162b468d9cc457d8fc14850baa
figures/single_figures_v2_diverse_20260831/12_t176_hardware_workload_flow.tiff,883596,c191f973c4e3d210a8cd9e0daf64e99d026b29a4fdfab995b4b8473813e87fc4
figures/single_figures_v2_diverse_20260831/make_b4_single_figures_v2.py,35076,bec318225b98955161b07168fe8a8a777e11bcf7436d822dc28473d3191f7e10
figures/single_figures_v2_diverse_20260831/QA_REPORT.md,2199,d541c73dfdb17f93d0d6fe5a2fbb82c9bd094de5b0ed0567576e6736bcf13fe4
figures/single_figures_v2_diverse_20260831/README_v2_逐图数据索引.md,2388,dc04e65fe3e975623111743eeab3dd1181d7bc0a46bc3d452c931c8604dd5ec8
figures/single_figures_v2_diverse_20260831/single_figure_v2_manifest.json,26490,8146895b69d757d1028e860943b622c574a1f96a7b868c281dbb191734183ce6
manifest/EXTERNAL_PRIVATE_EVIDENCE.json,530,8072d93f457ea2d45a4696f730d8f4d515db92d3d9ff63e96fe2d45ce8fb5da8
manifest/ORIGIN.json,572,dc1274bb23de81460bdd5037717eabeb0396c1cb0df79fd6bb7a8a9475fed34d
manifest/SECURITY_SCAN.json,43,947305f8d22cd56ffb19ae845a9787c56002f0ff4df62f7c8c4b7528c33a2818
manifest/SOURCE_MANIFEST.json,182541,83841e91772632518170a39fe702e7c2becd8fbbf98eee74cf27bb118f63e7d0
models/sim_pretrained_paper_contract/seed_20260731/best.pt,17284753,101d8e87ebc935ab7ac6c94b241311b8fc21c9c2295a90271f6475606276770b
models/sim_pretrained_paper_contract/seed_20260731/history.csv,10063,64a1765a3ef4fa47a157432c3ff56649ddf8e014ee1f6419dd9278731c9817ee
models/sim_pretrained_paper_contract/seed_20260731/run_config.json,1408,062302eea85718dffe7cc4ebe4cf6e27b29ec49677b5901fe0d49b489dbad5cc
models/sim_pretrained_paper_contract/seed_20260731/summary.json,2212,5ceea5d5bdc0345ed5cc3b75525ab31609c95bc8bf3aaecd9d1cb8aafaa051f3
models/sim_pretrained_paper_contract/seed_20260801/best.pt,17284753,a7f9bde64d4ccb9827c57517b4395aada01516265ec42a6b18c21069350e6466
models/sim_pretrained_paper_contract/seed_20260801/history.csv,7914,f4263fb2873f8143bc5363b2c91d59c4bee7689fc97cdfcb9c8ebd8d93e81ce0
models/sim_pretrained_paper_contract/seed_20260801/run_config.json,1408,f1ed634fcc5bbae2844be921cdf90d7a20955c2863c0eb1d18dd2e79ab1f566f
models/sim_pretrained_paper_contract/seed_20260801/summary.json,2208,7ce06059ce2907228592a43f8ea71b9eaa4c3e07b492e0fb9469aaf8f3930af5
models/sim_pretrained_paper_contract/seed_20260802/best.pt,17284817,8785130a2188892be3d9e501da40f95250b3135266a6c4d69ea37003c9339f15
models/sim_pretrained_paper_contract/seed_20260802/history.csv,9715,261c9c2179c47397c1924420f15c0f74eb533814170208b245c8c61f84545360
models/sim_pretrained_paper_contract/seed_20260802/run_config.json,1408,d084e76335ede48aef1876d539f61aecc1989004a962844cf2e9334d227b5cd0
models/sim_pretrained_paper_contract/seed_20260802/summary.json,2200,5510cde31d87a734cdfd38f4829a68bffa3cb70bda391d307a2cbc2094b50336
models/sim_pretrained_paper_contract/training_summary.json,9285,2c35c1933e3470f1ba9429485a817d6e2823ab2165fc2c816fd8e704855fb5ec
PIPELINE.md,1765,dc7feba2de3d37db3c33b1c03cdddde08461cb47acae1ba701865c78a9e2ad42
PROJECT_NOTES.md,13013,346193a6c584b17003069e3ade9466c5012370737a45bcb5b05ae31edd98ef3c
provenance/git_status.txt,8509,a178248e6c5f4ca27498dc9d8866373e0b0627ce6734d7c56a22aa85155ab955
provenance/python_environment.txt,5621,911612d4e8f241d467cc97511a7fcb9c6447bc005ec7f0584a08afcd546b9c7c
README.md,2241,90b2f71ad6f120aa4d6c07a9b72d19437587017d3bbec2027a526f987c44cd4a
requirements-core.txt,149,cafb3e10ee73ab4406f15330b1e00dc513ac52f1a5a81d5733bb261997217bda
requirements-platform.txt,88,5343fcfe454c3ac9a2a8296d6b379c96f8dd36595e6ea1e8d15cada5cfc8f064
scripts/aggregate_b4_map_power.py,741,cf63e31dc08f681da8526f4f9877d3e46b62f0a84982d3479c5e2308c2542b01
scripts/analyze_b4_t176_hybrid_final.py,66348,455ccd5399c75894cfcaa6b9f8a76eec1c14a7272975a126c3ac735f1b85a801
scripts/analyze_b4_t287_cadence_residual_curve.py,85942,2724cde4d7f50f656c934deae459022af524b1698bf97558509acdae2efe5db3
scripts/analyze_b4_t287_sensing_map.py,61469,d640242720b35c83b8744398c44f73b1a156fdebc44a3e40e866cb5016c91d1e
scripts/analyze_b4_t287_sf.py,25457,e09ce711b8453864d3687be3e6cce8e92bdc391d32b40be25fd19e0b0f70b638
scripts/analyze_crossover_feasibility.py,14371,7533de66014c51a726a0c3ea51074dca62ad60a8f56fbce055fa3bc51e218cd3
scripts/analyze_natural_drift.py,10983,7d662183af13f03bdb1cff967832cc4f333237241f83700f24216d665df6d129
scripts/analyze_sensing_economics.py,27516,ea438b7c7f88ab48dc893975c67f365cfb45035a9c9e64dd9c810108d2a47d35
scripts/audit_b4_b9_inputs.py,16760,d466ed5b1f5abe582e990b16410897d2089af7c6b01fc0223e743c31b7d62fdb
scripts/audit_b4_poll_acceptance.py,8635,ea34aa7cc7f8251fe0b7fb3ab70cfa34ac54964cf088b0c9d232ee72066db743
scripts/b4_dry_run_common.py,6176,d9a4524d669b9cda8760ec8633216006d6bbd5c2c39188a05950bf688b417d84
scripts/build_b4_cadence_continuation_plan.py,18582,8685afdd7b48057a7119b6f8ebb417b736aec2994b72f6d5b373c8b37da3cfe2
scripts/build_b4_platform_time_ledger.py,56424,61ba21c8a55265e4e335d45dfdeca3da9a9dce1f7b3e483a3490529a4d482aa4
scripts/check_no_leakage.py,2851,054c934079d5b0d118ef92255dd891a042c6129bdca53ac2fbfa879a071aa2aa
scripts/design_b4_cadence_from_timing.py,9037,92c6b2bba53984053f3c86eca351bd9a45bb2904dc650a3a29a950e8d5f5453c
scripts/diagnose_b4_map_root_cause_contrast.py,9015,00830b3f5718535c75e7c2c62ccba2ace3909d7a91fba873e2bf64488fea1e42
scripts/diagnose_b4_map_timing.py,13502,ee7d798f862cb9c0ebbf6106184d574c769eca3f60a0f21706e6662c8130d24a
scripts/diagnose_b4_regrid_mechanism.py,7127,a83a816b40d67e69648d69a1d154cac5674844f9033ca11f44a32946e45a17e5
scripts/discover_backends.py,1402,4c6febaddf15716a47735f05e3ea2e48ae250049152c424bbb4a1a7730ef34e3
scripts/drift_campaign.py,41147,2969491727d5e6ee7bef365506da6b80133adc436d0129fab55fea932383e633
scripts/drift_campaign_v4.py,39297,4e8162bfa65d982bac4ff34015fd53862356dceab82845d69917d4fe8ff70f04
scripts/evaluate_b4_timing_endpoints.py,7648,9fe16d1feda85228cb676217828f1e6928e556185656472a5c7614ef77293485
scripts/finalize_b4_map_timing_lookup.py,6733,b7e1346154c16d4e046aece7bdd7a133495e62cb559a33c7c565119b3dd4fdcd
scripts/freeze_b4_cadence_v4_start_only_baseline.py,47017,85edf6a581ac21a5b03b260114d0ec25029433efa027e67973dc125bcb478f54
scripts/generate_sim_dataset.py,8233,590a745ecc03ab86fe384f7e15ad850fe4ca882b8048da628c74ae67ec283030
scripts/measure_b4_interface_floor.py,2643,7f6b7669b41ff0e471314fe9c61b43c638bf6ebd0c565154c032c8a6166549a0
scripts/measure_b4_throughput.py,2928,f0f14ed38cd3e6c24d0465eebeb3b877fa2c8196673e86c37575823809a84928
scripts/poll_platform_config.py,9835,8618c7786c7746f06a44694898ab887af3495be8542448851b0f401745788b26
scripts/predict_hardware_aemtn.py,5136,9d456fc8eb592ba78d17ec6206b27cf5c9c0d92371ff328e907f5585283bfe72
scripts/preflight_b4_cadence_collection_correction.py,28198,90bf9e7db2a0b7ac08581570e217d0ebb9afabe52c7bcc544c412632988be22c
scripts/prepare_aemtn_two_time_data.py,3655,50dcf09056ca248ff91bafe867bbeff0fae539c9e2eb6a09f798b8d9637b6ea8
scripts/refine_b4_4day_gap_size.py,9272,4c23ade4b888b9b9efc6c0493993207145051a54a0f0f586219ff3a8197b08e0
scripts/refine_b4_borderline_timing_cells.py,2763,f665a27783bc71c50fff40f032df322de1fc1401395dd5878430933c964c2c55
scripts/refine_b4_map_power.py,11190,cd76df638325664b1c2368368d2daa8a35ba9c7c9e7f22a433611a0cd2ba2c8b
scripts/refine_b4_tag_decision_size.py,4164,805924b2b63cf49f8d8309813db0de5bff9bfff5269c724e5aa795e9fbe04a6b
scripts/refresh_natural_drift_analysis.py,4516,4dcb57b1ccb2c010c8bc0906fabfeed4795b139c2b9d42a62b4f28edb363e49c
scripts/regrid_b4_endpoints.py,16342,7b76471bf3e430f8c29c4bd7d13844d68e11cccb43a28fcaea1ff08a997680ce
scripts/run_b4_cadence_continuation.py,14901,9d9c539267a6add1bc17fba7a965bc5b0e9aaebc6178aa014ffc2d4f91aaa09c
scripts/run_b4_cadence_pair_hardware.py,103834,8ac6401a008f9f89e7efdde68db03760f9e2e634412051630a21264289dd8dc1
scripts/run_b4_exact_anchor_leverage.py,5090,55b3fcad4f5e9993536ede1c926e23dd6e21c39c70567c3012fec441787e3fff
scripts/run_b4_map_root_cause_ab.py,13988,84fc1bdc88eafcda274f99bc9a055391e5bbd046bbeb08ac5699ab941f7bd6f2
scripts/run_b4_map_root_cause_bisection.py,6455,e3073e1be9423062d61273264c61caacd091fd481f562af0820c361f4c76133d
scripts/run_b4_session1_simulation_contingency.py,42327,318d58290f1dc62e88e8450058d6cd0a0b2bacfb875a61bdd622422db10d5bb6
scripts/run_cadence_pair_hardware_smoke.py,16724,97bec4640c5f2f307c2c6f8c5bb4791fca6f480383f2a5c87ad6e0dd14678bd4
scripts/run_cadence_pair_loop.py,38180,9f87c2825f04b98e04f92e8c62cba221740e13fe51531b033867ce52cd813d9f
scripts/run_mirror_metric.py,4283,392f67abaa4be01df80b0ae2b717f28bae289b4600146a26514920c59f1296f5
scripts/run_platform_config_poll_supervisor.bat,314,43fa3bab2c4c809a063509d84a4795c9a49ab2fb954205f72978792690d0ec75
scripts/scan_b4_mirror_depth.py,4928,d394860e17f6ca9472f3e0121742e28ce1d7f90d53dba8c0d65948efd24e82aa
scripts/scan_trotter_reference.py,4566,f85e1ab4053640207f1fa3f5774df8185c6a876e02503ede9527ad015b75219a
scripts/simulate_b4_cadence_endpoint_power.py,9669,1e3ac6be36777de20bace978b1086913faf2ed82e77eeaa0eb37bef2b8e5fb4d
scripts/simulate_b4_design_power.py,41577,d6f126e66fbce459f8a61351602a26f608b5d40d4df1efad136d9b59a886494d
scripts/simulate_t7_element3_dgp_v2.py,47288,d11f52f50735a3df2b53cd5156cf2314150d88b5bb5e0925325119cef23695f7
scripts/train_sim.py,449,524c63851e867ab3f763ff69267bada3df65a1135b4b57761f499e1a02cc3251
scripts/validate_aemtn_closed_loop_v4.py,10163,25f998caf499fd6b605c74edc449ef8e73a2f80d48435c052834e8cc9a6ea47c
scripts/validate_protocol.py,1348,0a2d1460abf03e4a9ff88e142d1e05d8e79193fb6422961b5841ef71b57d8c2b
scripts/verify_b4_t176_probe.py,8821,0ce1587cd4e90cea3900b90539d588800e6309b1a7f59eb2ddf130e2e063c8b1
scripts/write_natural_drift_cadence_ledger.py,1213,734c218cbb03e2f14883c6e1cb6054c40b307084741559ec8c4f9a686768727d
SECURITY_AND_DATA_BOUNDARY.md,766,263955bbb360bbb196c05dcfbab5dccf0eecff353cfd7ce405195d7527ec5765
src/__init__.py,37,0831eb375b07d3b32bb760b6d826050ed3e6c6eff389b80afbee7cf897bff71d
src/adaptive/__init__.py,92,17d96859e2974ed00e296755920b016d0aed75aa466d9770f590a40682b47597
src/adaptive/bandit.py,8786,8d297ac018fa833eac33936236383e7c8fcc78593f91dc8ac678c16e6220a1e8
src/adaptive/cadence_ledger.py,3127,73c6946f9d999e0483dc63f59ab9db60775ac6d481bdbd3e324d2ecf451f8c62
src/adaptive/cadence_permutation.py,10792,c6081f8d295158d08f46ba6a6046d4de5511eff1d5cc6a95145ff341b6143be8
src/adaptive/effective_field_diagnostics.py,10379,bdc7959493f115663c8636df9b817a593a56401fc34bcfd8c6fd05d249924089
src/adaptive/environment_proxy.py,25795,3fa1220da8082a2f6626a560ef6bdfd4562257dabc7d8ef8362066452c57738c
src/adaptive/forecast.py,27672,fc4134407c2b79112bcd114a277655f13290d57d0fe362228b88435e7617232b
src/adaptive/rule_scheduler.py,2320,872d189cf08ac2282b9e63ed628cdc788b874e881ccedf15fe99a3cfc53fe692
src/adaptive/sensing_economics.py,31754,65246859977cc8542cdb84b155e8649f13b7c1d7ad54a28aa6bb76a216ad158c
src/adaptive/shared_baseline_sensing.py,20196,844d4b3bbc20a8403b39ed021ae49ca8f648b5304e468c758729e1ae883d53e7
src/adaptive/task_metric_mirror.py,16581,26dcfd25bae458ad9e367e6514e0ca33043d372d21170b3b02bdce0f4aff07c2
src/backends/__init__.py,57,cbb254261bf9d83525ee3a985b4a91702e304e9bb7efeca93690bd8d77b54a4a
src/backends/tianyan_discovery.py,3551,cdec9dd60353494baf80cff2bdcb641f91f0a437d5392b66ca2d5aa9354aa34e
src/backends/tianyan_native.py,6998,63c122929e877d8ca9141e9b9c791fdd46d3a8a1c5623a0ce08b884664f415a4
src/backends/tianyan_topology.py,5079,c1bb848b21c919d113c1d8355e260f8c4f27edaa2186177802d78a049514981d
src/backends/tianyan_v8_entangling.py,4837,16d555a567c11de32872a17f091bacbf92f7aec9210d76c43ae51f6264be99ee
src/baselines/__init__.py,69,0eb817d6bddfb98b7c6f57795cb96f7a81fa7c155725d399d6b75210f1eb854c
src/baselines/tianyan_v8_nominal.py,3107,f87d66bd786998141331d657145c6db729e7d06561b9de8e360452d8e321d115
src/circuits/__init__.py,79,69f2aa4f0a93906d3b1f68705cc5682bf82440bd952645232ab45de8eae2fe57
src/circuits/trotter.py,10197,4e78ac818e5c9a3f30407486d2cb00afc0155c3877765fe304d857d0136b6f4a
src/features/__init__.py,45,2cd2f609f688702258fd6abda4b69a5ffee717dd808125fe7b2d6ce055e9f54e
src/features/pauli.py,5958,709045cc64353ebd3f5d853909ec193eac0fbb390e2080cd1dd40fa74070dac2
src/models/__init__.py,183,c4024ece9b5e3fcc7f32ef927583b0601159596feb3a0c2be0316ae759d722cb
src/models/aemtn_hardware.py,11295,1e82b4db4eb3d8f224900b201eaa85faf6f07c026223a2cbc609a09b981e2f63
src/physics/__init__.py,76,fbe4e1c12dbd07690d8db91f18e3ff76e706ca32d2d58ace66a63128725583ae
src/physics/hamiltonian.py,7362,45515ed11e0ca00db035cef97bdc5afc132aa59a9db0dde09a8d888d45eebcc0
src/protocol.py,5303,b951a54dcc7b87c286fa6cfd923b7268b941e0e9ff55479f5fdc5404ed9fccc1
src/training/__init__.py,201,71158c5b67e4baf6deb52e7e61cd12a3b40ae4c44f26dc4b8b21896f965642f8
src/training/dataset.py,13183,797ba908d90f7eef6dd5a0a92ed33cabebc3d2e26b877d7c11361c7d453cedec
src/training/engine.py,31719,e810dbcafe54fe52c29fbb8fa407137b47abe692d05e17f421af357962d2e1bb
tests/__init__.py,51,70769ce734be5a2382e6c7ed802ac1643251b0a39ce00a9a519c8f943d4cf79a
tests/test_adaptive_bandit.py,1957,d14cc1cdcc74cbe563e8c3bb0577f9ed2f35c346688c11d85a3ab4c9001d1684
tests/test_adaptive_environment_proxy.py,5804,82dabdc2ce36fa96a9ede4d0cf5fd2291fb14071b68e219937bcd4e7dc1bbf1b
tests/test_adaptive_rule_scheduler.py,1214,f8912e63dbff71aadbe1c9b6d24fdb7990a306ec5605983f26a2a1a371ff93fc
tests/test_analyze_b4_t176_hybrid_final.py,12313,40cc40d02f2041680bb0ab34a89c3d0d321c57003fba296e32ec6093cc2a370e
tests/test_analyze_b4_t287_cadence_residual_curve.py,19725,b0cd457ef87f95a89f2122f46336da23bd84d2d461cb850b578aaa8695e8150b
tests/test_analyze_b4_t287_sensing_map.py,6041,8f35001c60ba31ba5a55883a09a0f5f43148f1f6a5d73571ce188c4f56bdcc65
tests/test_analyze_b4_t287_sf.py,4692,f2816d90ecbf415ca80701e665b104b1ffa6514ecd8331079298967b41d33313
tests/test_analyze_natural_drift.py,8012,d232e7e44c7df56e95fc8ca17cd9b1ed7976c9cb16fcf305c5bde40e465d872b
tests/test_audit_b4_b9_inputs.py,3846,92a775289ba24a888b9cbdb0fccaa258c78565f37cde8fc51bcf4fcb68a250db
tests/test_b4_cadence_continuation.py,8544,2dea2fc5d18d4102dd768829f6d9975d9b1c7044a897d0330678ce4539289d73
tests/test_b4_cadence_endpoint_reachability.py,3717,6be6919f470fc4dcadd6bec0d00dc48be9f3b17762a3a70363a0d9ba5fb6a4fc
tests/test_b4_cadence_v4_forty_minute_design.py,20608,d488465de1b6dc81f20eac461a5b93daa6199a19607c4d93f13b9729d920571d
tests/test_b4_dry_run.py,5822,5c9a17d68dee5d856d7d16cc4dbf88469620ce2a81bd781500b0859795f53690
tests/test_b4_session1_simulation_contingency.py,10275,060ae58717ae4af1ab11315e60ea0aa7a40a1dce4d972cad9e182c251ee121a6
tests/test_build_b4_platform_time_ledger.py,15551,04acc96d3ba91ec66f6ba9297db5150a4790549fba36d56e81c027505e0afc06
tests/test_cadence_pair_hardware_smoke.py,2662,95476525eff5e21fe97178f0a7877c87dca28fd4f67f2af5a5ffe4e506e3935e
tests/test_cadence_pair_loop.py,4656,7aecf04ef8f72a1d3e46486faa5452de0a135c04f027142f0ace0e752b765bfb
tests/test_cadence_permutation.py,3286,f0aa2f1d79c2e5c19cdda829fbf0cee63035c015fd9deede81cf9ac94121e540
tests/test_counts_features.py,2332,da86a27f5085dea60f752336551fba005d7edd8e114a9fa1c25ed0eb96d21995
tests/test_diagnose_b4_map_root_cause_contrast.py,1352,1a62d1f9b35c83bc3c2b1763ee898fc2efbf587c4ceecfe82850d124d9e519f2
tests/test_diagnose_b4_regrid_mechanism.py,1050,954dd84245da565ce97fe6b610f210a9c02766a56dec1f9086aedbc3b3f3065c
tests/test_drift_campaign.py,6687,7981aaa6a7cde1b9bc59f039b1ed1a3a0785938a7763f750b7a26791f2c86a0f
tests/test_drift_campaign_v4.py,10435,9cb9abcf5fd742d4b651bc0a48bc42fb9e671046728b101b7a5c8674b3fe7dc1
tests/test_effective_field_diagnostics.py,2110,aea6894073fbe4333c529f5fc9a4b4b99b6ad4d4c21e5bc689a566731a1c2ed1
tests/test_freeze_b4_cadence_v4_start_only_baseline.py,10653,adbb11c749b5b44a283be05cf0517973c60b1260a304889365aa34cb6142a0e0
tests/test_gate_feasibility.py,1541,05d4b37649c150cc08f6149fc55fd47d13cfd590723fae566badf0927782cfc3
tests/test_gate_reachability.py,5854,4c15f96272febb4b2984158457bcef67ff81fd67343694a34b6706e804459308
tests/test_natural_drift_cadence_ledger.py,1291,fb6b4afb8b778fc3b1a47be06d13ba88b87abe6cbf9a76fc25423777fa157df6
tests/test_physics_contract.py,1560,288bd6014393a7b305dd0e297507fb828434bf3d7c5061d818954c280d6717be
tests/test_poll_platform_config.py,5720,ebd605ce8df4bc605cc108682023976073c6224812ac7055c3b00e3b484277fb
tests/test_preflight_b4_cadence_collection_correction.py,5958,d3a9bc1fc5c1f0f9b8ce395eab042810813392c2f4963cea18852d017303dd41
tests/test_protocol_contract.py,1795,66b050d8ff1df9f4f3da75156cdfbd1044d0fda65419de6d6c3cafaed8b8f40c
tests/test_refine_b4_4day_gap_size.py,2099,747283b9914570fb2a2b593dd507617e14c58937217ae8fc35b4a2d2ec5ddb67
tests/test_refine_b4_tag_decision_size.py,1415,981e60296af4466861d082b86bf377c6ca40d5e48b792d4ac9945bdc2fd582ae
tests/test_refresh_natural_drift_analysis.py,1505,eb12414280dafbd6d6e2ef2b29895da8d63957ff00d32b42490681882dcff1ab
tests/test_regrid_b4_endpoints.py,2298,345bd828e9b5a9ff887293955c326a4be0d0d54f9bb66b37d608a43503443b8c
tests/test_run_b4_cadence_pair_hardware.py,28561,ddac9dc87a9ca822619838a50d266ff48cdd6e2e400a920ad00d0ed66744cc87
tests/test_run_b4_exact_anchor_leverage.py,1418,e43213ea1cd1da0b532d23bdb2d23dc317a881035ad9a72875fb54740ba3b82f
tests/test_run_b4_map_root_cause_ab.py,1385,3c806e9f77a9468a7bf6eb64298559c5139ba51c5441cc9f07a217df912bc31d
tests/test_run_b4_map_root_cause_bisection.py,675,4d64f05f4f0c64ecceff8fae04ea263e22607dea8bcae0e462803ce90ffad4f1
tests/test_sensing_economics.py,5021,c73174f14ecf63905472c373e0d80f5089984bf887bbbe014ba50a280dda1f0b
tests/test_shared_baseline_sensing.py,10555,8431e9e9a86dc82e2d35e7745ac781615ce263735f8ca94781b9f0f1cee7ce1a
tests/test_simulate_b4_design_power.py,7030,7521f0a10c2f80c7f4526e5159f34a4c1611cc07fb6785950575c132f20950a4
tests/test_task_metric_mirror.py,4802,619e5adb6d53400ed7b9c0f895196c552c8c469eb19fb26d6664e174b3dd7387
tests/test_tianyan_discovery.py,1267,6d1065035a610870f4c27dfce1ef4360bde7ffac574e47d221c4c8840b0c8d1f
tests/test_tianyan_topology.py,2039,1e4e71f5ed4f9b2ddc3122e163de45c2455df4ec9378f96d969cc4345871d0bc
tests/test_tianyan_v8_entangling_contract.py,1511,ba6ae5a98384c11029abe10cba98dbea060c9547c10637763cdfc59c7638ae35
tests/test_training_pipeline.py,6406,9fd4734977701f2f15d06a565466025eda775015891309d9be2ed235ecbad1cc
tests/test_trotter_circuits.py,3203,ad2884cb6c32e78a398920c0bf89fe453df9196a33cf92585a96ba2fecf983c6
tools/build_release.py,57051,8f2bec4419e74db864df808a62bb0a4b799705fdeba2952d7ae6793b638bb3fa
tools/reproduce_public_final.py,2473,f65e093e0163ec28facf1c510d342269f556bc748c2a6f8d529948a9824e35a3
tools/verify_package.py,1527,dc0be7b46a58e24a14202364b8ea8265f67e4a7556f3ea606d9344f62269cb5c
