snapshot_index,scheduled_utc,hours_from_first_snapshot,effective_h1,effective_h1_shot_sigma,effective_h2,effective_h2_shot_sigma
0,2026-07-31T15:42:00+00:00,0.0,-0.5605520349440442,0.11040619269841127,2.941007764540599,0.4334939334562719
1,2026-07-31T16:07:00+00:00,0.4166666666666667,0.0815264197241886,0.20349689487650172,2.2274895566938873,0.5931926484056389
2,2026-07-31T16:32:00+00:00,0.8333333333333334,0.9064458179725333,0.16982102933678794,3.584901707311356,0.28776611899385857
3,2026-07-31T16:57:00+00:00,1.25,0.9390461749198629,0.19060318265414217,3.0268469741679995,0.31761714339086544
4,2026-07-31T17:22:00+00:00,1.6666666666666667,0.7748654379341883,0.1776996225963151,3.2354893788052324,0.32383748108623533
5,2026-07-31T17:47:00+00:00,2.0833333333333335,0.6292786947709135,0.2079767496313956,2.896992381529567,0.3827988412576601
6,2026-07-31T18:12:00+00:00,2.5,0.6886387624435054,0.22376237847082803,3.5029461625978384,0.31206735937374347
7,2026-07-31T18:37:00+00:00,2.9166666666666665,-0.48518429763051335,0.13551299061050542,0.614048434834812,0.49053812761084287
8,2026-07-31T19:02:00+00:00,3.3333333333333335,0.8123332332517023,0.1887576245206885,3.060508978800394,0.2882411618191963
9,2026-07-31T19:27:00+00:00,3.75,0.9003410442126506,0.15979422242891145,2.675640127234733,0.2850355800949523
10,2026-07-31T19:52:00+00:00,4.166666666666667,0.6329372566584872,0.16153081400840535,3.120088640725878,0.30680598143237575
11,2026-07-31T20:17:00+00:00,4.583333333333333,0.6865447905293222,0.16621519136904842,2.9208358417984344,0.24335773587518258
12,2026-07-31T20:42:00+00:00,5.0,0.9674999060187484,0.17427271036466774,3.1268018188372895,0.4897577357897529
13,2026-07-31T21:07:00+00:00,5.416666666666667,0.802532069677914,0.23863623725279892,3.8540388973087825,0.47081359550949864
14,2026-07-31T21:32:00+00:00,5.833333333333333,0.45866609717668994,0.16466610333294068,-0.6949542965509508,0.41515039394062403
15,2026-07-31T21:57:00+00:00,6.25,0.24811131427688338,0.1886757451544668,3.330446137623183,0.3838189726789299
16,2026-07-31T22:22:00+00:00,6.666666666666667,0.8005158593879802,0.15462899647513664,-1.8400587851411476,0.3439165810108216
17,2026-07-31T22:47:00+00:00,7.083333333333333,0.7491951933532924,0.15487891395709272,3.121183177287014,0.27624692687501934
18,2026-07-31T23:12:00+00:00,7.5,0.6555711615764388,0.17728754184544485,2.6880316759580634,0.3159132477379026
19,2026-07-31T23:37:00+00:00,7.916666666666667,0.6789916997382743,0.1818148821470603,2.924030212898956,0.3596580310376714
20,2026-08-01T00:02:00+00:00,8.333333333333334,0.7115107096213301,0.15552190087098333,2.3416693595278306,0.41215259099631024
21,2026-08-01T00:27:00+00:00,8.75,1.1099916726852135,0.22242498028613442,-1.4553619158887063,0.2596214764545846
22,2026-08-01T00:52:00+00:00,9.166666666666666,0.9453967540929215,0.19751755261076098,-0.8527393714430214,0.4820391062848477
23,2026-08-01T01:17:00+00:00,9.583333333333334,0.915457643779899,0.14995908827005083,3.1331065690474054,0.48572790049673015
24,2026-08-01T01:42:00+00:00,10.0,-0.09086808034647402,0.17753656746084157,4.061403436067173,0.5301798956158794
25,2026-08-01T02:07:00+00:00,10.416666666666666,0.8559696341947669,0.15956994192921745,3.2273691880650013,0.5161895655359375
26,2026-08-01T02:32:00+00:00,10.833333333333334,0.8651273054975593,0.19519395178624596,3.3301196490655998,0.26713280976953085
27,2026-08-01T02:57:00+00:00,11.25,0.7461932120813981,0.22310871881380248,1.89499253996392,0.5384445170046164
28,2026-08-01T03:22:00+00:00,11.666666666666666,0.9157913398021537,0.1883757692387578,3.258586702254244,0.3497825874537539
29,2026-08-01T03:47:00+00:00,12.083333333333334,0.6946370927211795,0.15411969854687965,2.648408744100139,0.5488825348868216
30,2026-08-01T04:12:00+00:00,12.5,0.9855336168417211,0.19531239684971372,3.7844230510157475,0.5305747208349672
31,2026-08-01T04:37:00+00:00,12.916666666666666,0.16177100092633628,0.1753853898267808,3.0191699546043136,0.4043342162940918
32,2026-08-01T05:02:00+00:00,13.333333333333334,-0.6006453011686499,0.09328808150561978,3.197684478627549,0.3564843147631742
33,2026-08-01T05:27:00+00:00,13.75,1.388993858761287,0.15299026311176345,2.8642691687838986,0.2303425277030536
34,2026-08-03T04:32:00+00:00,60.833333333333336,1.4675950465243757,0.16305289031822515,2.4094611590793242,0.1808559761542955
35,2026-08-03T04:57:00+00:00,61.25,1.2939380130433793,0.18795216254931205,2.6629681728168086,0.15878624873192762
36,2026-08-03T05:22:00+00:00,61.666666666666664,2.186255791714758,0.13845015068460856,3.398171724032427,0.15693619906809667
37,2026-08-03T05:47:00+00:00,62.083333333333336,2.316083514190975,0.12703211002058826,2.767936688728103,0.14085798510501085
38,2026-08-03T06:12:00+00:00,62.5,2.34575031111597,0.12059289446765611,2.991059987030783,0.13391082634359103
39,2026-08-03T06:37:00+00:00,62.916666666666664,2.1052613411815364,0.11004984704776301,3.2550926206469875,0.12804989220096907
40,2026-08-03T07:02:00+00:00,63.333333333333336,1.0617052115694776,0.25411670738942765,3.255437283327855,0.1331318893291251
41,2026-08-03T07:27:00+00:00,63.75,2.3231454876506348,0.10760481459271007,3.02486005027365,0.11278999598217918
42,2026-08-03T07:52:00+00:00,64.16666666666667,1.5037054291990413,0.16502121550423687,3.2077956199239424,0.17470373974462003
43,2026-08-03T08:17:00+00:00,64.58333333333333,2.2197073865746595,0.12793878393475028,3.165596465308749,0.15811832791726305
44,2026-08-03T08:42:00+00:00,65.0,2.2454286503204917,0.1252844345505284,3.033869138888252,0.13333392302534636
45,2026-08-03T09:07:00+00:00,65.41666666666667,2.6326359660082357,0.1212539925058318,3.0788499831969003,0.14675062846339526
46,2026-08-03T09:32:00+00:00,65.83333333333333,1.9832317853570043,0.0946446244598304,2.360868105174248,0.25001307211066753
47,2026-08-03T09:57:00+00:00,66.25,2.407220611528657,0.10747712092528841,2.8236243557433345,0.12494626150725324
48,2026-08-03T10:22:00+00:00,66.66666666666667,1.7029599325442697,0.10883224094994438,1.7725582945403668,0.21700573798408102
49,2026-08-03T10:47:00+00:00,67.08333333333333,1.1090984269405813,0.1303977980146241,2.0057244702082646,0.16410527052372742
50,2026-08-03T11:12:00+00:00,67.5,0.6854753939104388,0.13599346600815906,2.5293319491654787,0.2199256997428656
51,2026-08-03T11:37:00+00:00,67.91666666666667,0.5480436187610754,0.13351846767511266,2.5344367761016984,0.3303719784691569
52,2026-08-03T12:02:00+00:00,68.33333333333333,2.0942537213186783,0.09946073712002679,3.152191947987975,0.21482734262471334
53,2026-08-03T12:27:00+00:00,68.75,2.0896377910377084,0.0805646173364974,2.1942524805046197,0.2498228437223799
54,2026-08-03T12:52:00+00:00,69.16666666666667,1.9633183821360314,0.07886669446901477,2.8452802363900935,0.19779800270420872
55,2026-08-03T13:17:00+00:00,69.58333333333333,1.858826454356533,0.0803165784259315,3.259232038902877,0.26378159926234374
56,2026-08-03T13:42:00+00:00,70.0,2.251728206577727,0.10211467810762234,3.2833951640181014,0.14896136911224014
57,2026-08-03T14:07:00+00:00,70.41666666666667,1.894794488036241,0.10896167622888549,3.0529163638809016,0.16346558076295986
58,2026-08-03T14:32:00+00:00,70.83333333333333,1.8043329909887036,0.13143631469172498,2.9337412008612582,0.1911277272267615
59,2026-08-03T14:57:00+00:00,71.25,2.0371147495017943,0.0848194645118993,2.6330893021913404,0.21955101004725208
60,2026-08-03T15:22:00+00:00,71.66666666666667,1.9631341839004863,0.0857946243573582,2.8285398937647006,0.21583985574951178
61,2026-08-03T15:47:00+00:00,72.08333333333333,1.951137953201521,0.08851477723375133,2.866141857188015,0.30906726615710495
62,2026-08-03T16:12:00+00:00,72.5,1.6730755769470205,0.09998280930496717,1.706466283521305,0.1985192795245326
63,2026-08-03T16:37:00+00:00,72.91666666666667,2.0201495380085057,0.07579867517701108,2.750353126440317,0.20959846361066484
64,2026-08-03T17:02:00+00:00,73.33333333333333,1.3423534736336868,0.1003607751577773,1.9632411116577555,0.21177006149158892
65,2026-08-03T17:27:00+00:00,73.75,2.3357707398474736,0.1226641189378553,3.284905800712418,0.11241345703561553
66,2026-08-03T17:52:00+00:00,74.16666666666667,1.6690546794419614,0.17209396882695166,2.803809570992699,0.1588720291375204
67,2026-08-03T18:17:00+00:00,74.58333333333333,1.9323356169920816,0.22069270677953157,3.166408184702976,0.14245926348410543
68,2026-08-03T18:42:00+00:00,75.0,1.1976394322348836,0.18013192660454905,2.4753405403746545,0.17286984965479715
69,2026-08-03T19:07:00+00:00,75.41666666666667,1.719906705407309,0.18147632939655703,2.3218638053932263,0.11636531262436159
70,2026-08-03T19:32:00+00:00,75.83333333333333,2.2230070026766726,0.126102808477786,3.2719973436453387,0.12990038066914383
71,2026-08-03T19:57:00+00:00,76.25,2.3399564658672944,0.10222236285236873,3.1686712562695365,0.10643338458293441
72,2026-08-03T20:22:00+00:00,76.66666666666667,2.2241700359670724,0.12284123559624446,3.1431135327404482,0.1399475488794448
73,2026-08-03T20:47:00+00:00,77.08333333333333,1.706701407569462,0.1252367580573958,2.4282176927107426,0.21461751852597866
74,2026-08-03T21:12:00+00:00,77.5,0.9483371268780877,0.11982705867415776,0.027342275631651442,0.26079421180419105
75,2026-08-03T21:37:00+00:00,77.91666666666667,1.5302615795463794,0.10180539640851133,2.126132804995189,0.2357688923777261
76,2026-08-03T22:02:00+00:00,78.33333333333333,1.6859396392297057,0.10171945431832936,1.5891758362268642,0.19940603794085374
77,2026-08-03T22:27:00+00:00,78.75,1.9633122779193823,0.08575236329111689,2.7032330077970976,0.19691436556039707
