channel,interval_seconds,ou_point_residual_variance,ou_uncertainty_lower,ou_uncertainty_upper,nonparametric_residual_variance,no_sensing_process_variance,no_sensing_ci_lower,no_sensing_ci_upper
e1_readout_all_one,0.0021990977172849924,0.22240593618833807,0.2224059216637962,0.2224118660536413,0.22240592717940424,0.001946241867434051,0.0013059802689043675,0.003591581461102063
e1_readout_all_one,0.002279992116992594,0.2145149333196337,0.21451493762882545,0.21452109496100302,0.21451493762882545,0.001946241867434051,0.0013059802689043675,0.003591581461102063
e1_readout_all_one,0.00236386223890327,0.2069039171629007,0.2069039213544855,0.20691030518008774,0.2069039213544855,0.001946241867434051,0.0013059802689043675,0.003591581461102063
e1_readout_all_one,0.0024508175457568586,0.1995629385196635,0.1995629448702348,0.19956956352057073,0.1995629448702348,0.001946241867434051,0.0013059802689043675,0.003591581461102063
e1_readout_all_one,0.002540971526909469,0.19248243389849282,0.1924824271312292,0.19248928924390424,0.1924824271312292,0.001946241867434051,0.0013059802689043675,0.003591581461102063
e1_readout_all_one,0.0026344418464536246,0.18565312265355885,0.18565312639392118,0.18566024155984787,0.18565312702927028,0.001946241867434051,0.0013059802689043675,0.003591581461102063
e1_readout_all_one,0.002731350496787072,0.17906613178311248,0.17906612328774182,0.17907350756487325,0.17906613133181065,0.001946241867434051,0.0013059802689043675,0.003591581461102063
e1_readout_all_one,0.0028318239578306484,0.1727128493856628,0.17271284304888607,0.1727204906106223,0.17271284304888607,0.001946241867434051,0.0013059802689043675,0.003591581461102063
e1_readout_all_one,0.002935993362103023,0.16658497216818366,0.16658497021278962,0.1665928990834038,0.16658497021278962,0.001946241867434051,0.0013059802689043675,0.003591581461102063
e1_readout_all_one,0.0030439946658677537,0.16067451543420794,0.1606745134530412,0.16068273558295895,0.16067451505584496,0.001946241867434051,0.0013059802689043675,0.003591581461102063
e1_readout_all_one,0.0031559688265760492,0.1549737677412247,0.15497376357215248,0.1549822864836483,0.15497376357215248,0.001946241867434051,0.0013059802689043675,0.003591581461102063
e1_readout_all_one,0.003272061986836781,0.14947527803061167,0.14947527544968767,0.14948411186814883,0.14947527544968767,0.001946241867434051,0.0013059802689043675,0.003591581461102063
e1_readout_all_one,0.003392425665153911,0.14417188011926424,0.14417187435960827,0.14418103581658154,0.14417187435960827,0.001946241867434051,0.0013059802689043675,0.003591581461102063
e1_readout_all_one,0.0035172169536802334,0.13905664145450566,0.13905663683633376,0.1390661370413611,0.13905663859009867,0.001946241867434051,0.0013059802689043675,0.003591581461102063
e1_readout_all_one,0.0036465987232455425,0.13412288788248805,0.13412289083666973,0.13413273985359564,0.13412289201252683,0.001946241867434051,0.0013059802689043675,0.003591581461102063
e1_readout_all_one,0.003780739835926812,0.12936420071021423,0.12936419536812266,0.12937440545052234,0.12936419536812266,0.001946241867434051,0.0013059802689043675,0.003591581461102063
e1_readout_all_one,0.003919815365437847,0.12477434031819394,0.12477433213035172,0.12478492351146248,0.12477433786380601,0.001946241867434051,0.0013059802689043675,0.003591581461102063
e1_readout_all_one,0.004064006825625988,0.12034732447650015,0.12034732906619666,0.12035830409319175,0.12034732906619666,0.001946241867434051,0.0013059802689043675,0.003591581461102063
e1_readout_all_one,0.0042135024073741666,0.11607739329075016,0.11607738520742385,0.11608876981184232,0.11607739108322476,0.001946241867434051,0.0013059802689043675,0.003591581461102063
e1_readout_all_one,0.00436849722421745,0.11195895192046462,0.11195895102313899,0.11197074830240494,0.11195895102313899,0.001946241867434051,0.0013059802689043675,0.003591581461102063
e1_readout_all_one,0.00452919356699465,0.10798663192128517,0.10798662838206527,0.10799886494600598,0.10798663372107051,0.001946241867434051,0.0013059802689043675,0.003591581461102063
e1_readout_all_one,0.004695801167867388,0.10415525270892831,0.10415525472365836,0.10416793585550843,0.10415525472365836,0.001946241867434051,0.0013059802689043675,0.003591581461102063
e1_readout_all_one,0.004868537474051121,0.10045981478425078,0.10045981352258243,0.10047296110959145,0.10045981352258243,0.001946241867434051,0.0013059802689043675,0.003591581461102063
e1_readout_all_one,0.005047627931615492,0.09689548547743473,0.09689548583621838,0.09690911822725974,0.09689548702817052,0.001946241867434051,0.0013059802689043675,0.003591581461102063
e1_readout_all_one,0.005233306279724315,0.09345762573017663,0.09345762327456306,0.09347175587373453,0.09345762327456306,0.001946241867434051,0.0013059802689043675,0.003591581461102063
e1_readout_all_one,0.005425814855699272,0.09014173563568775,0.09014173534821923,0.09015638778954914,0.09014173534821923,0.001946241867434051,0.0013059802689043675,0.003591581461102063
e1_readout_all_one,0.0056254049113054734,0.08694349705527485,0.08694349553184033,0.08695868693560353,0.08694349553184033,0.001946241867434051,0.0013059802689043675,0.003591581461102063
e1_readout_all_one,0.005832336940671625,0.08385873023103328,0.08385872619738234,0.08387447984576357,0.08385872965606793,0.001946241867434051,0.0013059802689043675,0.003591581461102063
e1_readout_all_one,0.006046881020272869,0.08088341226737165,0.0808834116515839,0.08089974117979597,0.0808834116515839,0.001946241867434051,0.0013059802689043675,0.003591581461102063
e1_readout_all_one,0.006269317161419968,0.0780136588575243,0.07801365829450288,0.07803058846958712,0.07801365829450288,0.001946241867434051,0.0013059802689043675,0.003591581461102063
e1_readout_all_one,0.006499935675714897,0.07524572159341743,0.07524572413819881,0.07526327705225856,0.07524572413819881,0.001946241867434051,0.0013059802689043675,0.003591581461102063
e1_readout_all_one,0.006739037553949819,0.07257599736901618,0.07257599606992997,0.07259419518240981,0.072575996624951,0.001946241867434051,0.0013059802689043675,0.003591581461102063
e1_readout_all_one,0.0069869348589439795,0.07000098869767822,0.07000099047486764,0.07001985931862979,0.07000099137102914,0.001946241867434051,0.0013059802689043675,0.003591581461102063
e1_readout_all_one,0.00724395113283116,0.06751735023539195,0.06751734507081275,0.06753690957685632,0.06751734761906486,0.001946241867434051,0.0013059802689043675,0.003591581461102063
e1_readout_all_one,0.0075104218193293715,0.06512182247620973,0.06512182344046065,0.06514210534528726,0.06512182385177304,0.001946241867434051,0.0013059802689043675,0.003591581461102063
e1_readout_all_one,0.0077866947015438155,0.06281129336402748,0.062811293561299,0.0628323210545111,0.062811293561299,0.001946241867434051,0.0013059802689043675,0.003591581461102063
e1_readout_all_one,0.008073130355874552,0.06058274121837593,0.06058274116866993,0.06060454209892081,0.06058274116866993,0.001946241867434051,0.0013059802689043675,0.003591581461102063
e1_readout_all_one,0.008370102622621277,0.058433256748133156,0.058433258088024534,0.05845586090153843,0.058433258088024534,0.001946241867434051,0.0013059802689043675,0.003591581461102063
e1_readout_all_one,0.008677999093899469,0.05636003692057628,0.05636003741620701,0.05638347311950594,0.056360038930484135,0.001946241867434051,0.0013059802689043675,0.003591581461102063
e1_readout_all_one,0.008997221619504564,0.054360379646398366,0.05436037762019405,0.05438467398397667,0.05436037784271142,0.001946241867434051,0.0013059802689043675,0.003591581461102063
e1_readout_all_one,0.009328186831384578,0.052431666099761756,0.052431663544989834,0.05245685477000763,0.05243166497537704,0.001946241867434051,0.0013059802689043675,0.003591581461102063
e1_readout_all_one,0.009671326687405548,0.05057138424809453,0.05057138307692563,0.05059749939171369,0.05057138307692563,0.001946241867434051,0.0013059802689043675,0.003591581461102063
e1_readout_all_one,0.010027089035119533,0.04877710270175805,0.04877710408288515,0.048804181118443986,0.04877710420819551,0.001946241867434051,0.0013059802689043675,0.003591581461102063
e1_readout_all_one,0.010395938196270995,0.047046484752690645,0.04704648449520009,0.047074559407551446,0.047046486573603975,0.001946241867434051,0.0013059802689043675,0.003591581461102063
e1_readout_all_one,0.010778355572804377,0.04537727290771598,0.04537727146476252,0.045406376849704715,0.04537727146476252,0.001946241867434051,0.0013059802689043675,0.003591581461102063
e1_readout_all_one,0.011174840275163833,0.043767279931732204,0.04376728031253311,0.043797456222407535,0.04376728031253311,0.001946241867434051,0.0013059802689043675,0.003591581461102063
e1_readout_all_one,0.011585909773705157,0.042214413194622956,0.04221441078937369,0.04224569764873787,0.04221441184367769,0.001946241867434051,0.0013059802689043675,0.003591581461102063
e1_readout_all_one,0.012012100574070055,0.040716639662999946,0.04071663933839018,0.040749075856382454,0.04071663933839018,0.001946241867434051,0.0013059802689043675,0.003591581461102063
e1_readout_all_one,0.012453968917404256,0.039272006769638365,0.03927200693289834,0.039305637534597246,0.03927200798513156,0.001946241867434051,0.0013059802689043675,0.003591581461102063
e1_readout_all_one,0.012912091506333294,0.03787863374618506,0.03787863151666007,0.03791349878465723,0.03787863232931579,0.001946241867434051,0.0013059802689043675,0.003591581461102063
e1_readout_all_one,0.013387066257643583,0.036534692329632294,0.036534693812516554,0.036570842661169584,0.036534693812516554,0.001946241867434051,0.0013059802689043675,0.003591581461102063
e1_readout_all_one,0.013879513082650964,0.03523843822280283,0.035238436858615205,0.03527591680077204,0.03523843839898339,0.001946241867434051,0.0013059802689043675,0.003591581461102063
e1_readout_all_one,0.014390074696275412,0.03398817385088137,0.03398817428636921,0.03402703113490784,0.03398817428636921,0.001946241867434051,0.0013059802689043675,0.003591581461102063
e1_readout_all_one,0.014919417455877703,0.032782270319707096,0.03278226859907153,0.03282255568403089,0.032782269697681506,0.001946241867434051,0.0013059802689043675,0.003591581461102063
e1_readout_all_one,0.015468232230952986,0.031619150716602464,0.03161915004803577,0.031660918430308875,0.03161915075157541,0.001946241867434051,0.0013059802689043675,0.003591581461102063
e1_readout_all_one,0.016037235304816197,0.030497299518491415,0.030497299408209038,0.030540603265953932,0.030497299408209038,0.001946241867434051,0.0013059802689043675,0.003591581461102063
e1_readout_all_one,0.016627169309456222,0.02941525046850951,0.029415251226347347,0.02946014801425111,0.029415251487980156,0.001946241867434051,0.0013059802689043675,0.003591581461102063
e1_readout_all_one,0.01723880419477897,0.02837159572114574,0.02837159476055822,0.028418142521502734,0.02837159476055822,0.001946241867434051,0.0013059802689043675,0.003591581461102063
e1_readout_all_one,0.017872938233504273,0.027364968053889483,0.0273649658421156,0.02741322681621712,0.02736496710171788,0.001946241867434051,0.0013059802689043675,0.003591581461102063
e1_readout_all_one,0.018530399063028207,0.02639405521132733,0.02639405339425129,0.026444089334478213,0.02639405471556819,0.001946241867434051,0.0013059802689043675,0.003591581461102063
e1_readout_all_one,0.01921204476561055,0.025457590182113805,0.025457590419857474,0.02550946520790479,0.025457590419857474,0.001946241867434051,0.0013059802689043675,0.003591581461102063
e1_readout_all_one,0.019918764988297335,0.024554351562971397,0.02455435102382979,0.02460813461282663,0.024554351992115548,0.001946241867434051,0.0013059802689043675,0.003591581461102063
e1_readout_all_one,0.0206514821040399,0.02368315992120899,0.023683160574475306,0.02373892117839806,0.023683160574475306,0.001946241867434051,0.0013059802689043675,0.003591581461102063
e1_readout_all_one,0.021411152415526154,0.022842878713317017,0.02284287913509121,0.022900690451015036,0.02284287913509121,0.001946241867434051,0.0013059802689043675,0.003591581461102063
e1_readout_all_one,0.022198767403295013,0.02203241137987548,0.022032410984146943,0.02209234841386008,0.022032410984146943,0.001946241867434051,0.0013059802689043675,0.003591581461102063
e1_readout_all_one,0.023015355019763133,0.021250699056871686,0.021250697290860026,0.021312840058911434,0.021250698342515237,0.001946241867434051,0.0013059802689043675,0.003591581461102063
e1_readout_all_one,0.023861981030852655,0.020496720510632775,0.020496720832171036,0.020561148010007014,0.020496720961201916,0.001946241867434051,0.0013059802689043675,0.003591581461102063
e1_readout_all_one,0.024739750406971225,0.019769495430844945,0.01976949478977211,0.01983629119505423,0.01976949478977211,0.001946241867434051,0.0013059802689043675,0.003591581461102063
e1_readout_all_one,0.025649808765159446,0.019068071221460745,0.0190680700917517,0.01913732356552954,0.019068070692021,0.001946241867434051,0.0013059802689043675,0.003591581461102063
e1_readout_all_one,0.026593343864288212,0.01839153396380151,0.0183915332072126,0.018463332861673554,0.0183915332072126,0.001946241867434051,0.0013059802689043675,0.003591581461102063
e1_readout_all_one,0.027571587155257284,0.017738999551118743,0.017738999260195166,0.01781343942195141,0.017738999355270017,0.001946241867434051,0.0013059802689043675,0.003591581461102063
e1_readout_all_one,0.0285858153882182,0.017109618061751316,0.017109616857670436,0.017186795034777144,0.017109617484357718,0.001946241867434051,0.0013059802689043675,0.003591581461102063
e1_readout_all_one,0.02963735227891953,0.016502566356400482,0.016502565725967623,0.01658258183161097,0.016502566159351622,0.001946241867434051,0.0013059802689043675,0.003591581461102063
e1_readout_all_one,0.030727570236348853,0.015917052863080823,0.015917053089746534,0.016000011219370405,0.015917053089746534,0.001946241867434051,0.0013059802689043675,0.003591581461102063
e1_readout_all_one,0.03185789215392668,0.015352313843123763,0.015352314095601472,0.01543832285122422,0.015352314095601472,0.001946241867434051,0.0013059802689043675,0.003591581461102063
e1_readout_all_one,0.0330297932665899,0.014807611735643626,0.014807611962686809,0.014896783634161094,0.01480761211017339,0.001946241867434051,0.0013059802689043675,0.003591581461102063
e1_readout_all_one,0.03424480307618843,0.014282236336503863,0.014282236217937623,0.01437468677215363,0.014282236217937623,0.001946241867434051,0.0013059802689043675,0.003591581461102063
e1_readout_all_one,0.03550450734770819,0.013775501274988148,0.013775500726739442,0.013871350843687569,0.013775500726739442,0.001946241867434051,0.0013059802689043675,0.003591581461102063
e1_readout_all_one,0.036810550178925774,0.013286744646608157,0.013286744272865771,0.013386118912324243,0.013286744272865771,0.001946241867434051,0.0013059802689043675,0.003591581461102063
e1_readout_all_one,0.03816463614619563,0.012815328593958711,0.01281532895786914,0.012918357669257417,0.01281532895786914,0.001946241867434051,0.0013059802689043675,0.003591581461102063
e1_readout_all_one,0.03956853252917087,0.012360640129586108,0.012360639516017164,0.012467456606669234,0.012360639516017164,0.001946241867434051,0.0013059802689043675,0.003591581461102063
e1_readout_all_one,0.041024071617361005,0.011922083980907295,0.011922082511281028,0.012032827220926603,0.011922082511281028,0.001946241867434051,0.0013059802689043675,0.003591581461102063
e1_readout_all_one,0.04253315310153683,0.011499086609634048,0.01149908556281495,0.01161390224442825,0.01149908556281495,0.001946241867434051,0.0013059802689043675,0.003591581461102063
e1_readout_all_one,0.04409774655310396,0.011091097751379238,0.0110910965979157,0.011210134905122878,0.0110910965979157,0.001946241867434051,0.0013059802689043675,0.003591581461102063
e1_readout_all_one,0.0457198939946808,0.01069758465318721,0.010697583131487196,0.010820998212846572,0.010697583131487196,0.001946241867434051,0.0013059802689043675,0.003591581461102063
e1_readout_all_one,0.04740171256523574,0.010318032780103487,0.010318031571069837,0.010445984271474782,0.010318031571069837,0.001946241867434051,0.0013059802689043675,0.003591581461102063
e1_readout_all_one,0.04914539728326235,0.00995194822039441,0.009951946546527406,0.010084603615899685,0.009951946546527406,0.001946241867434051,0.0013059802689043675,0.003591581461102063
e1_readout_all_one,0.05095322391159854,0.00959885177737239,0.009598850263516838,0.009736384573184124,0.009598850263516838,0.001946241867434051,0.0013059802689043675,0.003591581461102063
e1_readout_all_one,0.05282755192762893,0.009258283672447413,0.00925828187989691,0.009400872646795465,0.00925828187989691,0.001946241867434051,0.0013059802689043675,0.003591581461102063
e1_readout_all_one,0.05477082760274706,0.008929798565574527,0.008929796904262032,0.009077629923397357,0.008929796904262032,0.001946241867434051,0.0013059802689043675,0.003591581461102063
e1_readout_all_one,0.0567855871950961,0.008612968205831437,0.008612966615816156,0.008766234501113981,0.008612966615816156,0.001946241867434051,0.0013059802689043675,0.003591581461102063
e1_readout_all_one,0.05887446025975565,0.008307378898654927,0.008307377504829629,0.008466279938819534,0.008307377504829629,0.001946241867434051,0.0013059802689043675,0.003591581461102063
e1_readout_all_one,0.06104017308069476,0.008012632332908042,0.008012630732948656,0.008177374725540037,0.008012630732948656,0.001946241867434051,0.0013059802689043675,0.003591581461102063
e1_readout_all_one,0.0632855522289698,0.007728343217939652,0.007728341612653127,0.007899141769304549,0.007728341612653127,0.001946241867434051,0.0013059802689043675,0.003591581461102063
e1_readout_all_one,0.06561352825181202,0.007454140695883672,0.007454139105183283,0.007631217904880459,0.007454139105183283,0.001946241867434051,0.0013059802689043675,0.003591581461102063
e1_readout_all_one,0.0680271394974192,0.007189667276202007,0.007189665336280018,0.00737325341959282,0.007189665336280018,0.001946241867434051,0.0013059802689043675,0.003591581461102063
e1_readout_all_one,0.07052953608044284,0.006934577025199825,0.006934575129106808,0.007124911596763197,0.006934575129106808,0.001946241867434051,0.0013059802689043675,0.003591581461102063
e1_readout_all_one,0.07312398399334731,0.006688537669649282,0.006688535553743583,0.006885868276015437,0.006688535553743583,0.001946241867434051,0.0013059802689043675,0.003591581461102063
e1_readout_all_one,0.07581386936900637,0.006451227650054313,0.006451225492664631,0.006655811430039639,0.006451225492664631,0.001946241867434051,0.0013059802689043675,0.003591581461102063
e1_readout_all_one,0.0786027029001002,0.006222337598260409,0.006222335221633411,0.006434440757121243,0.006222335221633411,0.001946241867434051,0.0013059802689043675,0.003591581461102063
e1_readout_all_one,0.08149412442108146,0.006001568236207519,0.00600156600546724,0.0062214672889796055,0.00600156600546724,0.001946241867434051,0.0013059802689043675,0.003591581461102063
e1_readout_all_one,0.08449190765868995,0.0057886318024724165,0.0057886297081443305,0.006016613013367363,0.0057886297081443305,0.001946241867434051,0.0013059802689043675,0.003591581461102063
e1_readout_all_one,0.0875999651572163,0.005583250619766386,0.005583248416744259,0.005819610510971346,0.005583248416744259,0.001946241867434051,0.0013059802689043675,0.003591581461102063
e1_readout_all_one,0.09082235338494303,0.005385156612118714,0.005385154078731065,0.005630202606099198,0.005385154078731065,0.001946241867434051,0.0013059802689043675,0.003591581461102063
e1_readout_all_one,0.09416327802842696,0.005194090711994631,0.005194088152105623,0.005448142030718119,0.005194088152105623,0.001946241867434051,0.0013059802689043675,0.003591581461102063
e1_readout_all_one,0.09762709948153357,0.005009803865930445,0.005009801267970613,0.005273191101425641,0.005009801267970613,0.001946241867434051,0.0013059802689043675,0.003591581461102063
e1_readout_all_one,0.10121833853638706,0.004832055647395024,0.00483205290506775,0.005105121408857004,0.00483205290506775,0.001946241867434051,0.0013059802689043675,0.003591581461102063
e1_readout_all_one,0.10494168228366302,0.004660613759876279,0.0046606110758624685,0.004943713519220674,0.0046606110758624685,0.001946241867434051,0.0013059802689043675,0.003591581461102063
e1_readout_all_one,0.1088019902299254,0.004495254995370982,0.004495252023766362,0.0047887566874948,0.004495252023766362,0.001946241867434051,0.0013059802689043675,0.003591581461102063
e1_readout_all_one,0.11280430063999146,0.004335762980917328,0.00433575993110219,0.004640048581913263,0.00433575993110219,0.001946241867434051,0.0013059802689043675,0.003591581461102063
e1_readout_all_one,0.11695383711260164,0.004181929745426855,0.004181926637430358,0.004497395019467194,0.004181926637430358,0.001946241867434051,0.0013059802689043675,0.003591581461102063
e1_readout_all_one,0.12125601539797819,0.004033554522800673,0.004033551367869171,0.004360609711905705,0.004033551367869171,0.001946241867434051,0.0013059802689043675,0.003591581461102063
e1_readout_all_one,0.12571645046616847,0.003890443998712884,0.0038904404710543403,0.00422951402211362,0.0038904404710543403,0.001946241867434051,0.0013059802689043675,0.003591581461102063
e1_readout_all_one,0.13034096383540006,0.0037524105597643246,0.003752407166395717,0.0041039367303491595,0.003752407166395717,0.001946241867434051,0.0013059802689043675,0.003591581461102063
e1_readout_all_one,0.13513559117001092,0.0036192750548167886,0.0036192713003013726,0.003983713810141677,0.0036192713003013726,0.001946241867434051,0.0013059802689043675,0.003591581461102063
e1_readout_all_one,0.1401065901578714,0.0034908628461871034,0.0034908591110509027,0.003868688213576492,0.0034908591110509027,0.001946241867434051,0.0013059802689043675,0.003591581461102063
e1_readout_all_one,0.1452604486775795,0.0033670070618766175,0.003367003002011035,0.0037587096655568816,0.003367003002011035,0.001946241867434051,0.0013059802689043675,0.003591581461102063
e1_readout_all_one,0.15060389326608886,0.0032475454937806263,0.0032475413228975794,0.0036536344669242066,0.0032475413228975794,0.001946241867434051,0.0013059802689043675,0.003591581461102063
e1_readout_all_one,0.15614389789781993,0.0031323222729891698,0.0031323181587982426,0.0035533253060597756,0.0031323181587982426,0.001946241867434051,0.0013059802689043675,0.003591581461102063
e1_readout_all_one,0.16188769308671383,0.003021187447029227,0.0030211831266809255,0.003457651078775751,0.0030211831266809255,0.001946241867434051,0.0013059802689043675,0.003591581461102063
e1_readout_all_one,0.16784277532310773,0.0029139956701996466,0.0029139911791219316,0.003366486716245198,0.0029139911791219316,0.001946241867434051,0.0013059802689043675,0.003591581461102063
e1_readout_all_one,0.1740169168577475,0.002810607046241259,0.0028106024149979355,0.003279713020722534,0.0028106024149979355,0.001946241867434051,0.0013059802689043675,0.003591581461102063
e1_readout_all_one,0.1804181758457085,0.0027108867006491954,0.0027108818968946133,0.003197216508856975,0.0027108818968946133,0.001946241867434051,0.0013059802689043675,0.003591581461102063
e1_readout_all_one,0.18705490686346335,0.00261470446971364,0.0026146994749936306,0.003118889262394966,0.0026146994749936306,0.001946241867434051,0.0013059802689043675,0.003591581461102063
e1_readout_all_one,0.19393577181282207,0.0025219349042217305,0.0025219296172081635,0.003044628786025799,0.0025219296172081635,0.001946241867434051,0.0013059802689043675,0.003591581461102063
e1_readout_all_one,0.20106975122597776,0.002432456715935908,0.0024324512453452046,0.0029743378722436827,0.0024324512453452046,0.001946241867434051,0.0013059802689043675,0.003591581461102063
e1_readout_all_one,0.20846615598641,0.002346153176696062,0.0023461475770808777,0.002907924472976101,0.0023461475770808777,0.001946241867434051,0.0013059802689043675,0.003591581461102063
e1_readout_all_one,0.21613463948094602,0.0022629117506029065,0.002262905973542466,0.0028453015778653443,0.002262905973542466,0.001946241867434051,0.0013059802689043675,0.003591581461102063
e1_readout_all_one,0.22408521019883845,0.002182623872100776,0.002182617792298259,0.0027863870989752806,0.002182617792298259,0.001946241867434051,0.0013059802689043675,0.003591581461102063
e1_readout_all_one,0.2323282447943028,0.002105184500268206,0.002105178245563338,0.0027311037618269443,0.002105178245563338,0.001946241867434051,0.0013059802689043675,0.003591581461102063
e1_readout_all_one,0.24087450162956486,0.0020304926989454745,0.0020304862634362335,0.002679379002554148,0.0020304862634362335,0.001946241867434051,0.0013059802689043675,0.003591581461102063
e1_readout_all_one,0.24973513481609175,0.0019584510541645005,0.0019584443619879684,0.002631144871072537,0.0019584443619879684,0.001946241867434051,0.0013059802689043675,0.003591581461102063
e1_readout_all_one,0.2589217087723353,0.0018889654659217925,0.0018889585160313048,0.0025863379401103075,0.0018889585160313048,0.001946241867434051,0.0013059802689043675,0.003591581461102063
e1_readout_all_one,0.2684462133169827,0.0018219452436016158,0.0018219380364041763,0.0025448992199706704,0.0018219380364041763,0.001946241867434051,0.0013059802689043675,0.003591581461102063
e1_readout_all_one,0.27832107931741973,0.0017573030047241108,0.0017572954516070982,0.0025067740788959044,0.0017572954516070982,0.001946241867434051,0.0013059802689043675,0.003591581461102063
e1_readout_all_one,0.288559194913825,0.0016949541495232608,0.0016949463936401063,0.0024719121689498716,0.0016949463936401063,0.001946241867434051,0.0013059802689043675,0.003591581461102063
e1_readout_all_one,0.2991739223400723,0.0016348175212981268,0.0016348094878902138,0.0024402673572449275,0.0016348094878902138,0.001946241867434051,0.0013059802689043675,0.003591581461102063
e1_readout_all_one,0.3101791153633943,0.0015768146211296262,0.001576806246925676,0.0024117976624719864,0.001576806246925676,0.001946241867434051,0.0013059802689043675,0.003591581461102063
e1_readout_all_one,0.3215891373655704,0.0015208696225804952,0.0015208609680584402,0.002386465196592843,0.0015208609680584402,0.001946241867434051,0.0013059802689043675,0.003591581461102063
e1_readout_all_one,0.3334188800892322,0.0014669096500397175,0.0014669006345411073,0.0023642361116271906,0.0014669006345411073,0.001946241867434051,0.0013059802689043675,0.003591581461102063
e1_readout_all_one,0.34568378307376113,0.0014148642051068406,0.0014148548202694217,0.0023450805514126493,0.0014148548202694217,0.001946241867434051,0.0013059802689043675,0.003591581461102063
e1_readout_all_one,0.3583998538061382,0.0013646653142872806,0.0013646555978659373,0.002328972608295089,0.0013646555978659373,0.001946241867434051,0.0013059802689043675,0.003591581461102063
e1_readout_all_one,0.37158368861304863,0.0013162474761578863,0.0013162374500248852,0.002315890284643304,0.0013162374500248852,0.001946241867434051,0.0013059802689043675,0.003591581461102063
e1_readout_all_one,0.3852524943215099,0.0012695475679497276,0.0012695371840025294,0.002305815459114224,0.0012695371840025294,0.001946241867434051,0.0013059802689043675,0.003591581461102063
e1_readout_all_one,0.399424110716288,0.0012245046295236031,0.0012244938491414298,0.0022987338576149303,0.0012244938491414298,0.001946241867434051,0.0013059802689043675,0.003591581461102063
e1_readout_all_one,0.4141170338234195,0.0011810598603354022,0.0011810486573209406,0.0022946350288840216,0.0011810486573209406,0.001946241867434051,0.0013059802689043675,0.003591581461102063
e1_readout_all_one,0.42935044005022294,0.001139156506548314,0.001139144906230139,0.0022935123246391837,0.001139144906230139,0.001946241867434051,0.0013059802689043675,0.003591581461102063
e1_readout_all_one,0.44514421121330605,0.0010987399481357028,0.0010987279053630437,0.0022953628842179927,0.0010987279053630437,0.001946241867434051,0.0013059802689043675,0.003591581461102063
e1_readout_all_one,0.46151896048723606,0.0010597574194470588,0.001059744904639528,0.0023001876236847926,0.001059744904639528,0.001946241867434051,0.0013059802689043675,0.003591581461102063
e1_readout_all_one,0.4784960593077398,0.0010221579702109997,0.0010221450255587692,0.0023079912293243405,0.0010221450255587692,0.001946241867434051,0.0013059802689043675,0.003591581461102063
e1_readout_all_one,0.4960976652645417,0.0009858926230725093,0.0009858791947953917,0.0023187821554974987,0.0009858791947953917,0.001946241867434051,0.0013059802689043675,0.003591581461102063
e1_readout_all_one,0.5143467510202508,0.0009509139775390615,0.0009509000801516166,0.002332572626807486,0.0009509000801516166,0.001946241867434051,0.0013059802689043675,0.003591581461102063
e1_readout_all_one,0.5332671342930358,0.000917176469428202,0.0009171620287818427,0.0023493786445212736,0.0009171620287818427,0.001946241867434051,0.0013059802689043675,0.003591581461102063
e1_readout_all_one,0.5528835089422203,0.0008846359658507652,0.0008846210076090247,0.002369219997238552,0.0008846210076090247,0.001946241867434051,0.0013059802689043675,0.003591581461102063
e1_readout_all_one,0.573221477197369,0.000853250068247593,0.0008532345458550885,0.0023921202757333287,0.0008532345458550885,0.001946241867434051,0.0013059802689043675,0.003591581461102063
e1_readout_all_one,0.5943075830729347,0.0008229777360092275,0.0008229616796103671,0.002418106891967003,0.0008229616796103671,0.001946241867434051,0.0013059802689043675,0.003591581461102063
e1_readout_all_one,0.6161693470120634,0.0007937795878221633,0.0007937628983697311,0.0024472111022088377,0.0007937628983697311,0.001946241867434051,0.0013059802689043675,0.003591581461102063
e1_readout_all_one,0.6388353018047882,0.0007656173950473097,0.0007656000934656149,0.0024794680342627674,0.0007656000934656149,0.001946241867434051,0.0013059802689043675,0.003591581461102063
e1_readout_all_one,0.6623350298274817,0.0007384544416738703,0.0007384365083306463,0.0025149167187378486,0.0007384365083306463,0.001946241867434051,0.0013059802689043675,0.003591581461102063
e1_readout_all_one,0.6866992016521691,0.000712255255646055,0.0007122366905249703,0.0025536001243523336,0.0007122366905249703,0.001946241867434051,0.0013059802689043675,0.003591581461102063
e1_readout_all_one,0.7119596160761011,0.0006869857238408563,0.0006869664454656389,0.002595565197232087,0.0006869664454656389,0.001946241867434051,0.0013059802689043675,0.003591581461102063
e1_readout_all_one,0.7381492416238172,0.0006626127955633324,0.0006625927917977,0.0026408629041750693,0.0006625927917977,0.001946241867434051,0.0013059802689043675,0.003591581461102063
e1_readout_all_one,0.7653022595758805,0.0006391046263720528,0.0006390839183487162,0.002689548279844527,0.0006390839183487162,0.001946241867434051,0.0013059802689043675,0.003591581461102063
e1_readout_all_one,0.7934541085804326,0.0006164306086851995,0.0006164091426105467,0.0027416804778638165,0.0006164091426105467,0.001946241867434051,0.0013059802689043675,0.003591581461102063
e1_readout_all_one,0.8226415309057984,0.0005945611252522588,0.0005945388706941987,0.0027973228257769265,0.0005945388706941987,0.001946241867434051,0.0013059802689043675,0.003591581461102063
e1_readout_all_one,0.8529026203945023,0.0005734676267958491,0.0005734445587054884,0.00285654288383366,0.0005734445587054884,0.001946241867434051,0.0013059802689043675,0.003591581461102063
e1_readout_all_one,0.8842768721812921,0.0005531226011897928,0.000553098675491094,0.0029194125075667522,0.000553098675491094,0.001946241867434051,0.0013059802689043675,0.003591581461102063
e1_readout_all_one,0.9168052342400443,0.0005334994684397764,0.0005334746667063885,0.002986007914110883,0.0005334746667063885,0.001946241867434051,0.0013059802689043675,0.003591581461102063
e1_readout_all_one,0.9505301608268445,0.0005145726437277659,0.0005145469201581461,0.0030564097522278316,0.0005145469201581461,0.001946241867434051,0.0013059802689043675,0.003591581461102063
e1_readout_all_one,0.9854956678889817,0.0004963174088839107,0.0004962907323768951,0.003130703175974273,0.0004962907323768951,0.001946241867434051,0.0013059802689043675,0.003591581461102063
e1_readout_all_one,1.0217473905121779,0.0004787099260115329,0.00047868227637528845,0.003208977921964616,0.00047868227637528845,0.001946241867434051,0.0013059802689043675,0.003591581461102063
e1_readout_all_one,1.0593326424810336,0.00046172725551273965,0.00046169857055040843,0.0032913283901714403,0.00046169857055040843,0.001946241867434051,0.0013059802689043675,0.003591581461102063
e1_readout_all_one,1.0983004780304102,0.0004453471644550084,0.0004453174486894268,0.003377853728180938,0.0004453174486894268,0.001946241867434051,0.0013059802689043675,0.003591581461102063
e1_readout_all_one,1.1387017558683648,0.00042954835730287763,0.00042951753103946194,0.0034686579188427354,0.00042951753103946194,0.001946241867434051,0.0013059802689043675,0.003591581461102063
e1_readout_all_one,1.1805892055541791,0.0004143101434515735,0.0004142781964038844,0.0035638498712246515,0.0004142781964038844,0.001946241867434051,0.0013059802689043675,0.003591581461102063
e1_readout_all_one,1.224017496318124,0.00039961268102456653,0.00039957955522864865,0.003663543514775359,0.00039957955522864865,0.001946241867434051,0.0013059802689043675,0.003591581461102063
e1_readout_all_one,1.269043308412777,0.00038543677509892185,0.00038540242364352377,0.003767857896602555,0.00038540242364352377,0.001946241867434051,0.0013059802689043675,0.003591581461102063
e1_readout_all_one,1.315725407089021,0.00037176390026858293,0.0003717282984243448,0.003876917281739544,0.0003717282984243448,0.001946241867434051,0.0013059802689043675,0.003591581461102063
e1_readout_all_one,1.3641247192932606,0.00035857625749032923,0.00035853933284360826,0.003990851256287826,0.00035853933284360826,0.001946241867434051,0.0013059802689043675,0.003591581461102063
e1_readout_all_one,1.4143044131859759,0.000345856578322553,0.0003458183133778896,0.004109794833280244,0.0003458183133778896,0.001946241867434051,0.0013059802689043675,0.003591581461102063
e1_readout_all_one,1.4663299805853829,0.0003335883293608575,0.00033354863724168447,0.004233888561128567,0.00033354863724168447,0.001946241867434051,0.0013059802689043675,0.003591581461102063
e1_readout_all_one,1.520269322443805,0.00032175543007582734,0.0003217142907183532,0.004363278634466407,0.0003217142907183532,0.001946241867434051,0.0013059802689043675,0.003591581461102063
e1_readout_all_one,1.5761928374683252,0.00031034248587347255,0.00031029982825988374,0.004498117007215222,0.00031029982825988374,0.001946241867434051,0.0013059802689043675,0.003591581461102063
e1_readout_all_one,1.6341735140013536,0.00029933457966574965,0.0002992903523282014,0.004638561507654203,0.0002992903523282014,0.001946241867434051,0.0013059802689043675,0.003591581461102063
e1_readout_all_one,1.6942870252810667,0.00028871735889006564,0.0002886714939517076,0.0047847759552779754,0.0002886714939517076,0.001946241867434051,0.0013059802689043675,0.003591581461102063
e1_readout_all_one,1.756611828206015,0.0002784769430567723,0.00027842939397167686,0.004936930279184697,0.00027842939397167686,0.001946241867434051,0.0013059802689043675,0.003591581461102063
e1_readout_all_one,1.8212292657328186,0.0002685999715872272,0.0002685506849540336,0.005095200637723636,0.0002685506849540336,0.001946241867434051,0.0013059802689043675,0.003591581461102063
e1_readout_all_one,1.8882236730405848,0.0002590735753837314,0.0002590224737429016,0.005259769539107192,0.0002590224737429016,0.001946241867434051,0.0013059802689043675,0.003591581461102063
e1_readout_all_one,1.9576824876006231,0.0002498852994897343,0.00024983232463315436,0.005430825962656175,0.00024983232463315436,0.001946241867434051,0.0013059802689043675,0.003591581461102063
e1_readout_all_one,2.0296963632950855,0.00024102317953821398,0.00024096824314000795,0.005608565480326106,0.00024096824314000795,0.001946241867434051,0.0013059802689043675,0.003591581461102063
e1_readout_all_one,2.1043592887335105,0.00023247561713779462,0.00023241866034446804,0.00579319037812475,0.00023241866034446804,0.001946241867434051,0.0013059802689043675,0.003591581461102063
e1_readout_all_one,2.181768709921661,0.0002242314657595879,0.00022417241779420404,0.005984909777002269,0.00022417241779420404,0.001946241867434051,0.0013059802689043675,0.003591581461102063
e1_readout_all_one,2.262025657442775,0.000216279982295466,0.00021621875294014132,0.006183939752752432,0.00021621875294014132,0.001946241867434051,0.0013059802689043675,0.003591581461102063
e1_readout_all_one,2.345234878317205,0.00020861075446457415,0.00020854728508976574,0.006390503454433956,0.00020854728508976574,0.001946241867434051,0.0013059802689043675,0.003591581461102063
e1_readout_all_one,2.4315049727125673,0.00020121380483394152,0.0002011480018588046,0.006604831220768917,0.0002011480018588046,0.001946241867434051,0.0013059802689043675,0.003591581461102063
e1_readout_all_one,2.5209485356827805,0.0001940794683956553,0.00019401124610360718,0.006827160693942752,0.00019401124610360718,0.001946241867434051,0.0013059802689043675,0.003591581461102063
e1_readout_all_one,2.613682304121043,0.00018719844906935236,0.00018712770331716247,0.007057736930172616,0.00018712770331716247,0.001946241867434051,0.0013059802689043675,0.003591581461102063
e1_readout_all_one,2.709827309118497,0.00018056172358317068,0.00018048838947230968,0.007296812506373171,0.00018048838947230968,0.001946241867434051,0.0013059802689043675,0.003591581461102063
e1_readout_all_one,2.809509033927451,0.00017416067164644565,0.0001740846392962728,0.00754464762218413,0.0001740846392962728,0.001946241867434051,0.0013059802689043675,0.003591581461102063
e1_readout_all_one,2.9128575777353354,0.00016798692801601314,0.00016790809496121525,0.0078015101965818985,0.00016790809496121525,0.001946241867434051,0.0013059802689043675,0.003591581461102063
e1_readout_all_one,3.020007825463096,0.00016203243563633692,0.00016195069517605684,0.008067675958227506,0.00016195069517605684,0.001946241867434051,0.0013059802689043675,0.003591581461102063
e1_readout_all_one,3.131099623809699,0.0001562894038492745,0.0001562046646653125,0.008343428528649732,0.0001562046646653125,0.001946241867434051,0.0013059802689043675,0.003591581461102063
e1_readout_all_one,3.246277963772461,0.0001507503664321689,0.00015066250402122425,0.008629059497294905,0.00015066250402122425,0.001946241867434051,0.0013059802689043675,0.003591581461102063
e1_readout_all_one,3.3656931698814483,0.00014540807194355252,0.00014531697991594037,0.008924868487406349,0.00014531697991594037,0.001946241867434051,0.0013059802689043675,0.003591581461102063
e1_readout_all_one,3.489501096394904,0.00014025555910814272,0.0001401611156609678,0.009231163211626845,0.0001401611156609678,0.001946241867434051,0.0013059802689043675,0.003591581461102063
e1_readout_all_one,3.617863330711799,0.00013528610304826106,0.00013518818210157574,0.009548259516142311,0.00013518818210157574,0.001946241867434051,0.0013059802689043675,0.003591581461102063
e1_readout_all_one,3.7509474042669306,0.00013049321316151212,0.00013039168883426832,0.009876481412110723,0.00013039168883426832,0.001946241867434051,0.0013059802689043675,0.003591581461102063
e1_readout_all_one,3.8889270111838887,0.00012587062872844996,0.00012576537573586084,0.01021616109303204,0.00012576537573586084,0.001946241867434051,0.0013059802689043675,0.003591581461102063
e1_readout_all_one,4.031982234971213,0.00012141233276175127,0.00012130320479310645,0.010567638936641994,0.00012130320479310645,0.001946241867434051,0.0013059802689043675,0.003591581461102063
e1_readout_all_one,4.1802997835576345,0.00011711249227127302,0.00011699935222220813,0.01093126348981587,0.00011699935222220813,0.001946241867434051,0.0013059802689043675,0.003591581461102063
e1_readout_all_one,4.334073232973156,0.00011296550269929696,0.00011284820086793151,0.011307391434885702,0.00011284820086793151,0.001946241867434051,0.0013059802689043675,0.003591581461102063
e1_readout_all_one,4.4935032799939885,0.00010896595016676513,0.00010884433287239849,0.011696387535679137,0.00010884433287239849,0.001946241867434051,0.0013059802689043675,0.003591581461102063
e1_readout_all_one,4.658798004081117,0.00010510861659510373,0.00010498252260399233,0.012098624561494523,0.00010498252260399233,0.001946241867434051,0.0013059802689043675,0.003591581461102063
e1_readout_all_one,4.8301731389543425,0.0001013884605299195,0.00010125772983714638,0.012514483187131163,0.00010125772983714638,0.001946241867434051,0.0013059802689043675,0.003591581461102063
e1_readout_all_one,5.007852354156246,9.780062998647941e-05,9.766509317411483e-05,0.012944351866992965,9.766509317411483e-05,0.001946241867434051,0.0013059802689043675,0.003591581461102063
e1_readout_all_one,5.192067546973556,9.43404470779741e-05,9.419992370013962e-05,0.01338862668118714,9.419992370013962e-05,0.001946241867434051,0.0013059802689043675,0.003591581461102063
e1_readout_all_one,5.383059145096942,9.100338849730955e-05,9.085769886373266e-05,0.013847711151437245,9.085769886373266e-05,0.001946241867434051,0.0013059802689043675,0.003591581461102063
e1_readout_all_one,5.581076420414181,8.77851095236132e-05,8.763405657408714e-05,0.014322016024530775,8.763405657408714e-05,0.001946241867434051,0.0013059802689043675,0.003591581461102063
e1_readout_all_one,5.78637781434635,8.468139872821749e-05,8.452478950791252e-05,0.014811959020919903,8.452478950791252e-05,0.001946241867434051,0.0013059802689043675,0.003591581461102063
e1_readout_all_one,5.999231275151554,8.168820498892179e-05,8.152583961826417e-05,0.015317964545997466,8.152583961826417e-05,0.001946241867434051,0.0013059802689043675,0.003591581461102063
e1_readout_all_one,6.21991460763648,7.880163186897444e-05,7.863329283820047e-05,0.015840463361470852,7.863329283820047e-05,0.001946241867434051,0.0013059802689043675,0.003591581461102063
e1_readout_all_one,6.448715835732199,7.601791034070859e-05,7.584337397235425e-05,0.01637989221416694,7.584337397235425e-05,0.001946241867434051,0.0013059802689043675,0.003591581461102063
e1_readout_all_one,6.6859335784073695,7.333339561920254e-05,7.31524417697528e-05,0.01693669341950854,7.31524417697528e-05,0.001946241867434051,0.0013059802689043675,0.003591581461102063
e1_readout_all_one,6.931877439409556,7.074459268949205e-05,7.055698417145415e-05,0.017511314396821694,7.055698417145415e-05,0.001946241867434051,0.0013059802689043675,0.003591581461102063
e1_readout_all_one,7.1868684113432675,6.824812289100656e-05,6.805361372679785e-05,0.01810420715355705,6.805361372679785e-05,0.001946241867434051,0.0013059802689043675,0.003591581461102063
e1_readout_all_one,7.451239294612116,6.584073177212222e-05,6.563906317228809e-05,0.018715827715438085,6.563906317228809e-05,0.001946241867434051,0.0013059802689043675,0.003591581461102063
e1_readout_all_one,7.7253351317718675,6.351926504115569e-05,6.331018116733828e-05,0.019346635499497014,6.331018116733828e-05,0.001946241867434051,0.0013059802689043675,0.003591581461102063
e1_readout_all_one,8.009513657861323,6.128070633376419e-05,6.106392818131183e-05,0.01999709262690785,6.106392818131183e-05,0.001946241867434051,0.0013059802689043675,0.003591581461102063
e1_readout_all_one,8.304145767298671,5.912212513004508e-05,5.889737252649183e-05,0.02066766317250077,5.889737252649183e-05,0.001946241867434051,0.0013059802689043675,0.003591581461102063
e1_readout_all_one,8.609615997952817,5.70407029431373e-05,5.68076865318007e-05,0.021358812347826477,5.68076865318007e-05,0.001946241867434051,0.0013059802689043675,0.003591581461102063
e1_readout_all_one,8.926323033021374,5.503373394896264e-05,5.4792142852277276e-05,0.02207100561464335,5.4792142852277276e-05,0.001946241867434051,0.0013059802689043675,0.003591581461102063
e1_readout_all_one,9.254680221370366,5.309858928842542e-05,5.2848110909493835e-05,0.022804707725730896,5.2848110909493835e-05,0.001946241867434051,0.0013059802689043675,0.003591581461102063
e1_readout_all_one,9.595116117014813,5.123274440543987e-05,5.09730534582675e-05,0.02356038168998219,5.09730534582675e-05,0.001946241867434051,0.0013059802689043675,0.003591581461102063
e1_readout_all_one,9.948075038444163,4.9433766534423005e-05,4.9164523275185524e-05,0.024338487658811723,4.9164523275185524e-05,0.001946241867434051,0.0013059802689043675,0.003591581461102063
e1_readout_all_one,10.314017648522745,4.769930902423101e-05,4.7420159964621725e-05,0.02513948173102439,4.7420159964621725e-05,0.001946241867434051,0.0013059802689043675,0.003591581461102063
e1_readout_all_one,10.693421555721988,4.602710200998545e-05,4.573768687807595e-05,0.025963814673440454,4.573768687807595e-05,0.001946241867434051,0.0013059802689043675,0.003591581461102063
e1_readout_all_one,11.086781937469118,4.441496871753465e-05,4.4114908142815856e-05,0.026811930554755167,4.4114908142815856e-05,0.001946241867434051,0.0013059802689043675,0.003591581461102063
e1_readout_all_one,11.494612186425897,4.2860804007744855e-05,4.254970579594274e-05,0.027684265290341806,4.254970579594274e-05,0.001946241867434051,0.0013059802689043675,0.003591581461102063
e1_readout_all_one,11.917444580540975,4.136258176835023e-05,4.104003702014098e-05,0.028581245095980215,4.104003702014098e-05,0.001946241867434051,0.0013059802689043675,0.003591581461102063
e1_readout_all_one,12.355830977750145,3.9918338525253775e-05,3.958393147750377e-05,0.029503284848819877,3.958393147750377e-05,0.001946241867434051,0.0013059802689043675,0.003591581461102063
e1_readout_all_one,12.810343536231494,3.852619966703727e-05,3.817948873795462e-05,0.03045078635426802,3.817948873795462e-05,0.001946241867434051,0.0013059802689043675,0.003591581461102063
e1_readout_all_one,13.281575461155233,3.7184340935493834e-05,3.682487579890909e-05,0.031424136517932015,3.682487579890909e-05,0.001946241867434051,0.0013059802689043675,0.003591581461102063
e1_readout_all_one,13.770141778902966,3.5891010844684253e-05,3.551832469293899e-05,0.03242370542225315,3.551832469293899e-05,0.001946241867434051,0.0013059802689043675,0.003591581461102063
e1_readout_all_one,14.276680139766782,3.464452724409715e-05,3.425813018031723e-05,0.03344984430803837,3.425813018031723e-05,0.001946241867434051,0.0013059802689043675,0.003591581461102063
e1_readout_all_one,14.801851650175935,3.34432583076525e-05,3.304264752343108e-05,0.03450288346174573,3.304264752343108e-05,0.001946241867434051,0.0013059802689043675,0.003591581461102063
e1_readout_all_one,15.346341735537063,3.228563623894103e-05,3.187029034015993e-05,0.035583130010098316,3.187029034015993e-05,0.001946241867434051,0.0013059802689043675,0.003591581461102063
e1_readout_all_one,15.910861034814344,3.117015234062327e-05,3.0739528533415234e-05,0.03669086562440587,3.0739528533415234e-05,0.001946241867434051,0.0013059802689043675,0.003591581461102063
e1_readout_all_one,16.496146328016977,3.0095352576451754e-05,2.9648886294140585e-05,0.03782634413785842,2.9648886294140585e-05,0.001946241867434051,0.0013059802689043675,0.003591581461102063
e1_readout_all_one,17.102961497804507,2.905982928968366e-05,2.859694017516583e-05,0.038989789080028495,2.859694017516583e-05,0.001946241867434051,0.0013059802689043675,0.003591581461102063
e1_readout_all_one,17.732098526465172,2.8062233822436317e-05,2.7582317233400733e-05,0.04018139113388018,2.7582317233400733e-05,0.001946241867434051,0.0013059802689043675,0.003591581461102063
e1_readout_all_one,18.384378529568174,2.7101264140250125e-05,2.660369323794424e-05,0.041401305521731255,2.660369323794424e-05,0.001946241867434051,0.0013059802689043675,0.003591581461102063
e1_readout_all_one,19.060652827639313,2.6175664596200744e-05,2.56597909417699e-05,0.042649649327858974,2.56597909417699e-05,0.001946241867434051,0.0013059802689043675,0.003591581461102063
e1_readout_all_one,19.761804057258395,2.528422860676808e-05,2.47493784147323e-05,0.04392649876676576,2.47493784147323e-05,0.001946241867434051,0.0013059802689043675,0.003591581461102063
e1_readout_all_one,20.4887473230287,2.44257916349096e-05,2.387126743571852e-05,0.045231886407539994,2.387126743571852e-05,0.001946241867434051,0.0013059802689043675,0.003591581461102063
e1_readout_all_one,21.2424313919219,2.3599234399674315e-05,2.3024311941846393e-05,0.046565798366245026,2.3024311941846393e-05,0.001946241867434051,0.0013059802689043675,0.003591581461102063
e1_readout_all_one,22.023839931557433,2.2803478049202923e-05,2.2207406532685126e-05,0.04792817147984772,2.2207406532685126e-05,0.001946241867434051,0.0013059802689043675,0.003591581461102063
e1_readout_all_one,22.83399279403195,2.2037483138948224e-05,2.1419485027546856e-05,0.04931889047684131,2.1419485027546856e-05,0.001946241867434051,0.0013059802689043675,0.003591581461102063
e1_readout_all_one,23.673947346975307,2.1300249513598516e-05,2.0659519073965027e-05,0.05073778516142718,2.0659519073965027e-05,0.001946241867434051,0.0013059802689043675,0.003591581461102063
e1_readout_all_one,24.544799853569412,2.059081688864493e-05,1.9926516805544627e-05,0.052184627629868856,1.9926516805544627e-05,0.001946241867434051,0.0013059802689043675,0.003591581461102063
e1_readout_all_one,25.447686903331363,1.9908258328966203e-05,1.9219521547431995e-05,0.053659129539417816,1.9219521547431995e-05,0.001946241867434051,0.0013059802689043675,0.003591581461102063
e1_readout_all_one,26.383786895528882,1.925168293061673e-05,1.8537610567714367e-05,0.055160939452010185,1.8537610567714367e-05,0.001946241867434051,0.0013059802689043675,0.003591581461102063
e1_readout_all_one,27.354321577162793,1.8620233229527936e-05,1.787989387312047e-05,0.05668964027671901,1.7886518915495695e-05,0.001946241867434051,0.0013059802689043675,0.003591581461102063
e1_readout_all_one,28.36055763752539,1.8013085657498467e-05,1.7245513047449236e-05,0.05824474683670857,1.731095800879837e-05,0.001946241867434051,0.0013059802689043675,0.003591581461102063
e1_readout_all_one,29.403808361414537,1.742944808073667e-05,1.6633640131211603e-05,0.05982570358812863,1.681882693011764e-05,0.001946241867434051,0.0013059802689043675,0.003591581461102063
e1_readout_all_one,30.48543534316165,1.686855840645522e-05,1.604347654102276e-05,0.061431882519991064,1.6409483376628595e-05,0.001946241867434051,0.0013059802689043675,0.003591581461102063
e1_readout_all_one,31.606850263711298,1.63296849953191e-05,1.5474252027334106e-05,0.06306258126554548,1.6082393095299465e-05,0.001946241867434051,0.0013059802689043675,0.003591581461102063
e1_readout_all_one,32.76951673307018,1.5812123515475046e-05,1.4925223669145546e-05,0.06471702145697246,1.5837129185613705e-05,0.001946241867434051,0.0013059802689043675,0.003591581461102063
e1_readout_all_one,33.974952200532165,1.531519866602247e-05,1.4395674904384978e-05,0.06639434735631355,1.5673371542402395e-05,0.001946241867434051,0.0013059802689043675,0.003591581461102063
e1_readout_all_one,35.22472993517035,1.4838263419941117e-05,1.3884914594690555e-05,0.06809362479638954,1.5590906438060453e-05,0.001946241867434051,0.0013059802689043675,0.003591581461102063
e1_readout_all_one,36.52048107918314,1.4380694063921395e-05,1.3392276123374103e-05,0.06981384046599877,1.558962624360084e-05,0.001946241867434051,0.0013059802689043675,0.003591581461102063
e1_readout_all_one,37.863896776772435,1.3941894177391154e-05,1.2917116525389252e-05,0.07155390157386005,1.5669529288183108e-05,0.001946241867434051,0.0013059802689043675,0.003591581461102063
e1_readout_all_one,39.25673038133326,1.3521289519769671e-05,1.2458815648168333e-05,0.07331263592553984,1.5830719856932658e-05,0.001946241867434051,0.0013059802689043675,0.003591581461102063
e1_readout_all_one,40.70079974383612,1.3118331916308634e-05,1.201677534223268e-05,0.07508879244691054,1.6073408327048087e-05,0.001946241867434051,0.0013059802689043675,0.003591581461102063
e1_readout_all_one,42.19798958538702,1.2732496859827298e-05,1.1590418680520521e-05,0.076881042186483,1.6397911442374037e-05,0.001946241867434051,0.0013059802689043675,0.003591581461102063
e1_readout_all_one,43.7502539570639,1.2363277876829546e-05,1.1179189205412864e-05,0.07868797982719078,1.6804652726798186e-05,0.001946241867434051,0.0013059802689043675,0.003591581461102063
e1_readout_all_one,45.35961879023801,1.2010196520366244e-05,1.078255020247523e-05,0.0805081257358191,1.7294163037011667e-05,0.001946241867434051,0.0013059802689043675,0.003591581461102063
e1_readout_all_one,47.028184540709546,1.1672789261957652e-05,1.0399983999967116e-05,0.08233992857523781,1.7867081255354357e-05,0.001946241867434051,0.0013059802689043675,0.003591581461102063
e1_readout_all_one,48.75812893010938,1.1350616713394997e-05,1.0030991293204715e-05,0.0841817685008691,1.8524155123649712e-05,0.001946241867434051,0.0013059802689043675,0.003591581461102063
e1_readout_all_one,50.551709788142624,1.1043258098714197e-05,9.675090492895678e-06,0.0860319609583676,1.926955919867642e-05,0.001946241867434051,0.0013059802689043675,0.003591581461102063
e1_readout_all_one,52.41126799938633,1.0750312884639471e-05,9.3318170965947e-06,0.08788876109430799,2.0613692788741258e-05,0.001946241867434051,0.0013059802689043675,0.003591581461102063
e1_readout_all_one,54.33923055848497,1.047139842137615e-05,9.000723082460158e-06,0.08975036878573969,2.2924911593457586e-05,0.001946241867434051,0.0013059802689043675,0.003591581461102063
e1_readout_all_one,56.338113737732,1.0206150159710902e-05,8.681376324520329e-06,0.09161493428780906,2.6206232090409472e-05,0.001946241867434051,0.0013059802689043675,0.003591581461102063
e1_readout_all_one,58.410526371172956,9.954222677595814e-06,8.373360028685846e-06,0.09348056449128343,3.0461936881359546e-05,0.001946241867434051,0.0013059802689043675,0.003591581461102063
e1_readout_all_one,60.5591732595134,9.715286482275463e-06,8.076272188772777e-06,0.09534532977378544,3.5697580281667356e-05,0.001946241867434051,0.0013059802689043675,0.003591581461102063
e1_readout_all_one,62.786858700279105,9.489030912803096e-06,7.78972506182581e-06,0.09720727141994388,4.1919995569482434e-05,0.001946241867434051,0.0013059802689043675,0.003591581461102063
e1_readout_all_one,65.09649014783294,9.27515917040515e-06,7.513344662057206e-06,0.09906440957655957,4.9137303904168324e-05,0.001946241867434051,0.0013059802689043675,0.003591581461102063
e1_readout_all_one,67.49108200802638,9.073393323689209e-06,7.246770272740845e-06,0.10091475169941123,5.735892492559831e-05,0.001946241867434051,0.0013059802689043675,0.003591581461102063
e1_readout_all_one,69.97375957243972,8.883469005769506e-06,6.9896539754241956e-06,0.10275630143861597,6.659570350875294e-05,0.001946241867434051,0.0013059802689043675,0.003591581461102063
e1_readout_all_one,72.54776309734214,8.705138892681045e-06,6.741660195844115e-06,0.1045870678996792,8.386396247558009e-05,0.001946241867434051,0.0013059802689043675,0.003591581461102063
e1_readout_all_one,75.2164520326999,8.538170715420834e-06,6.502465265953385e-06,0.1064050752077281,0.00011607802905160742,0.001946241867434051,0.0013059802689043675,0.003591581461102063
e1_readout_all_one,77.9833094067473,8.382345274885511e-06,6.271757001486818e-06,0.1082083722931076,0.0001632799472914788,0.001946241867434051,0.0013059802689043675,0.003591581461102063
e1_readout_all_one,80.85194637184733,8.237460437174913e-06,6.0492342945151685e-06,0.10999504280779657,0.0002255313225819361,0.001946241867434051,0.0013059802689043675,0.003591581461102063
e1_readout_all_one,83.82610691757192,8.103326825326283e-06,5.834606720455425e-06,0.11176321507419056,0.00030291340204583334,0.001946241867434051,0.0013059802689043675,0.003591581461102063
e1_readout_all_one,86.90967275715361,7.979768512297143e-06,5.6275941590244045e-06,0.11351107196098331,0.00039552718058146207,0.001946241867434051,0.0013059802689043675,0.003591581461102063
e1_readout_all_one,90.10666839368866,7.86662534933401e-06,5.427926428640853e-06,0.11523686057540866,0.0005034935326756543,0.001946241867434051,0.0013059802689043675,0.003591581461102063
e1_readout_all_one,93.42126637269907,7.763749040107958e-06,5.235342933799171e-06,0.11693890165723743,0.0006269533701625732,0.001946241867434051,0.0013059802689043675,0.003591581461102063
e1_readout_all_one,96.85779272791417,7.671005240358369e-06,5.049592324954199e-06,0.11861559855791909,0.0007660678261342466,0.001946241867434051,0.0013059802689043675,0.003591581461102063
e1_readout_all_one,100.42073262737513,7.588273223312589e-06,4.870432170473444e-06,0.12026544568831395,0.0009168516639614115,0.001946241867434051,0.0013059802689043675,0.003591581461102063
e1_readout_all_one,104.11473622723251,7.515445016338598e-06,4.6976286402284705e-06,0.12188703632078904,0.0010637508077904964,0.001946241867434051,0.0013059802689043675,0.003591581461102063
e1_readout_all_one,107.94462474087972,7.452425054457293e-06,4.5309562004124126e-06,0.1234790696361799,0.0012054379519950953,0.001946241867434051,0.0013059802689043675,0.003591581461102063
e1_readout_all_one,111.91539673133782,7.399131824317519e-06,4.370197319185553e-06,0.12504035691333798,0.0013420980189605622,0.001946241867434051,0.0013059802689043675,0.003591581461102063
e1_readout_all_one,116.0322346351108,7.355495198084757e-06,4.2151421827644705e-06,0.12656982676872433,0.0014739093700033823,0.001946241867434051,0.0013059802689043675,0.003591581461102063
e1_readout_all_one,120.30051152602022,7.321458051814339e-06,4.065588421584497e-06,0.1280665293657066,0.0016010440381586727,0.001946241867434051,0.0013059802689043675,0.003591581461102063
e1_readout_all_one,124.7257981278495,7.296976775173635e-06,3.921340846177939e-06,0.1295296395277505,0.0017236679527083644,0.001946241867434051,0.0013059802689043675,0.003591581461102063
e1_readout_all_one,129.31387008495238,7.282018589216057e-06,3.782211192423305e-06,0.13095845870634393,0.0018419411557431562,0.001946241867434051,0.0013059802689043675,0.003591581461102063
e1_readout_all_one,134.07071550030923,7.276564561922193e-06,3.648017875833235e-06,0.13235241577294438,0.001956018011040734,0.001946241867434051,0.0013059802689043675,0.003591581461102063
e1_readout_all_one,139.00254275087656,7.280607037171041e-06,3.518585754560205e-06,0.13371106662412618,0.002066047405533058,0.001946241867434051,0.0013059802689043675,0.003591581461102063
e1_readout_all_one,144.11578859042237,7.2941515863452726e-06,3.393745900810927e-06,0.13503409260993235,0.002172172943625474,0.001946241867434051,0.0013059802689043675,0.003591581461102063
e1_readout_all_one,149.41712655043025,7.317215774588393e-06,3.2733353803709044e-06,0.1363212978167031,0.002274533134621447,0.001946241867434051,0.0013059802689043675,0.003591581461102063
e1_readout_all_one,154.91347565003045,7.349829901313328e-06,3.157197039951534e-06,0.13757260525674744,0.002373261573497379,0.001946241867434051,0.0013059802689043675,0.003591581461102063
e1_readout_all_one,160.6120094263279,7.392036032377764e-06,3.0451793020821704e-06,0.13878805203755049,0.002468487115263525,0.001946241867434051,0.0013059802689043675,0.003591581461102063
e1_readout_all_one,166.5201652969163,7.443889562062374e-06,2.9371359672793777e-06,0.13996778360212755,0.0025603340431386056,0.001946241867434051,0.0013059802689043675,0.003591581461102063
e1_readout_all_one,172.64565426679033,7.5054580315276315e-06,2.832926023235331e-06,0.14111204714903583,0.0026489222307574897,0.001946241867434051,0.0013059802689043675,0.003591581461102063
e1_readout_all_one,178.99647099233374,7.5768218785390865e-06,2.7324134607761486e-06,0.14222118435487752,0.002734367298623808,0.001946241867434051,0.0013059802689043675,0.003591581461102063
e1_readout_all_one,185.58090421551097,7.65807410940951e-06,2.635467096350107e-06,0.14329562353335953,0.0028167807650115537,0.001946241867434051,0.0013059802689043675,0.003591581461102063
e1_readout_all_one,192.40754758188294,7.7493208338499e-06,2.5419604008139905e-06,0.1443358713727285,0.002896270191512676,0.001946241867434051,0.0013059802689043675,0.003591581461102063
e1_readout_all_one,199.48531085657044,7.850681181518834e-06,2.4517713342940652e-06,0.14534250439738508,0.0029729393234206843,0.001946241867434051,0.0013059802689043675,0.003591581461102063
e1_readout_all_one,206.82343155279364,7.962287030548143e-06,2.3647821869062966e-06,0.14631616029955402,0.0030468882251333384,0.001946241867434051,0.0013059802689043675,0.003591581461102063
e1_readout_all_one,214.43148698817697,8.084284379707192e-06,2.2808794251277426e-06,0.14725752928306418,0.00311821341075132,0.001946241867434051,0.0013059802689043675,0.003591581461102063
e1_readout_all_one,222.3194067845439,8.216832169344778e-06,2.1999535436187697e-06,0.14816734555372718,0.003187007970043188,0.001946241867434051,0.0013059802689043675,0.003591581461102063
e1_readout_all_one,230.4974858275202,8.36010343240222e-06,2.1218989223026267e-06,0.14904637907982193,0.003253361689941097,0.001946241867434051,0.0013059802689043675,0.003591581461102063
e1_readout_all_one,238.97639770286406,8.514285224968183e-06,2.0466136885158114e-06,0.14989542773225073,0.003317361171725858,0.001946241867434051,0.0013059802689043675,0.003591581461102063
e1_readout_all_one,247.76720862704846,8.679578666339397e-06,1.973999584049422e-06,0.15071530989760484,0.0033790899440542146,0.001946241867434051,0.0013059802689043675,0.003591581461102063
e1_readout_all_one,256.88139189029056,8.856199337057617e-06,1.9039618369078393e-06,0.1515068576393488,0.003438628571975942,0.001946241867434051,0.0013059802689043675,0.003591581461102063
e1_readout_all_one,266.33084283086737,9.044377632283593e-06,1.8364090376174599e-06,0.15227091046331373,0.003496054762082977,0.001946241867434051,0.0013059802689043675,0.003591581461102063
e1_readout_all_one,276.12789436026515,9.244359421589413e-06,1.771253019924019e-06,0.15300830972445234,0.003551443463927843,0.001946241867434051,0.0013059802689043675,0.003591581461102063
e1_readout_all_one,286.2853330594313,9.456405205678919e-06,1.7084087457227407e-06,0.15371989369306507,0.003604866967843768,0.001946241867434051,0.0013059802689043675,0.003591581461102063
e1_readout_all_one,296.81641586712254,9.680792006664652e-06,1.6477941940712431e-06,0.1544064932811409,0.0036563949992940844,0.001946241867434051,0.0013059802689043675,0.003591581461102063
e1_readout_all_one,307.734887382148,9.917812330017778e-06,1.5893302541402164e-06,0.15506892841364617,0.0037060948098741565,0.001946241867434051,0.0013059802689043675,0.003591581461102063
e1_readout_all_one,319.05499780207003,1.016777568128514e-05,1.532940621962283e-06,0.1557080050159943,0.003754031265084488,0.001946241867434051,0.0013059802689043675,0.003591581461102063
e1_readout_all_one,330.7915215217949,1.0431007938394646e-05,1.4785517008441681e-06,0.1563245125778704,0.003800266928989688,0.001946241867434051,0.0013059802689043675,0.003591581461102063
e1_readout_all_one,342.9597764163103,1.070785280900872e-05,1.4260925053122937e-06,0.15691922224522198,0.0038448621458736843,0.001946241867434051,0.0013059802689043675,0.003591581461102063
e1_readout_all_one,355.57564383274433,1.099867128942787e-05,1.375494568466392e-06,0.15749288538660136,0.00388787511899781,0.001946241867434051,0.0013059802689043675,0.003591581461102063
e1_readout_all_one,368.65558931784403,1.130384298256282e-05,1.3266918526201946e-06,0.1580462325770224,0.003929361986564563,0.001946241867434051,0.0013059802689043675,0.003591581461102063
e1_readout_all_one,382.21668410790954,1.1623766065834783e-05,1.2796206631126464e-06,0.15857997294185802,0.003969376894986125,0.001946241867434051,0.0013059802689043675,0.003591581461102063
e1_readout_all_one,396.276627409252,1.1958857806790697e-05,1.2342195651770632e-06,0.15909479380471667,0.00400797206955335,0.001946241867434051,0.0013059802689043675,0.003591581461102063
e1_readout_all_one,410.8537694982369,1.2309555486687376e-05,1.1904293037598114e-06,0.15959136058631668,0.0040451978825973706,0.001946241867434051,0.0013059802689043675,0.003591581461102063
e1_readout_all_one,425.9671356710677,1.2676316538886149e-05,1.148192726183829e-06,0.1600703169057074,0.004081102919232829,0.001946241867434051,0.0013059802689043675,0.003591581461102063
e1_readout_all_one,441.6364510745783,1.3059619683223478e-05,1.10745470755603e-06,0.1605322848403471,0.00411573404076856,0.001946241867434051,0.0013059802689043675,0.003591581461102063
e1_readout_all_one,457.882166450419,1.3459964879288812e-05,1.0681620788213e-06,0.16097786530715077,0.004149136445868406,0.001946241867434051,0.0013059802689043675,0.003591581461102063
e1_readout_all_one,474.7254848262626,1.3877874377867205e-05,1.0302635573691085e-06,0.16140763853232498,0.004181353729542083,0.001946241867434051,0.0013059802689043675,0.003591581461102063
e1_readout_all_one,492.1883891888454,1.4313893491317986e-05,9.937096801022312e-07,0.1618221645833235,0.004212427940043021,0.001946241867434051,0.0013059802689043675,0.003591581461102063
e1_readout_all_one,510.2936711749675,1.4768591050123576e-05,9.584527388802007e-07,0.16222198394138357,0.004242399633747463,0.001946241867434051,0.0013059802689043675,0.003591581461102063
e1_readout_all_one,529.0649608179093,1.5242560185981833e-05,9.244467182532113e-07,0.16260761809768687,0.004271307928086457,0.001946241867434051,0.0013059802689043675,0.003591581461102063
e1_readout_all_one,548.526757388063,1.5736419359594173e-05,8.916472354052637e-07,0.16297957016015463,0.004299190552599797,0.001946241867434051,0.0013059802689043675,0.003591581461102063
e1_readout_all_one,568.7044613680611,1.625081270839965e-05,8.600114822281013e-07,0.16333832546121474,0.00432608389817859,0.001946241867434051,0.0013059802689043675,0.003591581461102063
e1_readout_all_one,589.6244076041024,1.678641137362443e-05,8.29498169450401e-07,0.16368435215957913,0.004352023064560658,0.001946241867434051,0.0013059802689043675,0.003591581461102063
e1_readout_all_one,611.3138996767741,1.7343913987815207e-05,8.000674727492416e-07,0.16401810183120633,0.0043770419061408316,0.001946241867434051,0.0013059802689043675,0.003591581461102063
e1_readout_all_one,633.8012455362026,1.7924047885024166e-05,7.716809807735591e-07,0.16434001004625848,0.004401173076155862,0.001946241867434051,0.0013059802689043675,0.003591581461102063
e1_readout_all_one,657.1157944480534,1.8527569873796116e-05,7.443016450117362e-07,0.16465049693007683,0.004424448069301656,0.001946241867434051,0.0013059802689043675,0.003591581461102063
e1_readout_all_one,681.2879752986108,1.9155267137006514e-05,7.178937314378832e-07,0.1649499677070781,0.004446897262838455,0.001946241867434051,0.0013059802689043675,0.003591581461102063
e1_readout_all_one,706.3493363089024,1.980795849591026e-05,6.924227738737325e-07,0.16523881322708395,0.004468549956237579,0.001946241867434051,0.0013059802689043675,0.003591581461102063
e1_readout_all_one,732.3325862097367,2.0486495339761626e-05,6.678555290052412e-07,0.16551741047401008,0.004489434409421521,0.001946241867434051,0.0013059802689043675,0.003591581461102063
e1_readout_all_one,759.2716369313637,2.1191762789405334e-05,6.441599329952225e-07,0.16578612305710697,0.004509577879647255,0.001946241867434051,0.0013059802689043675,0.003591581461102063
e1_readout_all_one,787.2016478634833,2.1924680727973565e-05,6.213050596353662e-07,0.16604530168511042,0.004529006657080943,0.001946241867434051,0.0013059802689043675,0.003591581461102063
e1_readout_all_one,816.1590717433887,2.2686205170886065e-05,5.992610799830174e-07,0.1662952846237554,0.004547746099110426,0.001946241867434051,0.0013059802689043675,0.003591581461102063
e1_readout_all_one,846.1817022320898,2.3477329354037555e-05,5.77999223430067e-07,0.16653639813715573,0.004565820663440318,0.001946241867434051,0.0013059802689043675,0.003591581461102063
e1_readout_all_one,877.3087232405651,2.4299085181970207e-05,5.574917401531035e-07,0.16676895691357516,0.004583253940012877,0.001946241867434051,0.0013059802689043675,0.003591581461102063
e1_readout_all_one,909.5807600704743,2.5152544358407623e-05,5.377118648958507e-07,0.1669932644761172,0.0046000686817963205,0.001946241867434051,0.0013059802689043675,0.003591581461102063
e1_readout_all_one,943.0399324360959,2.6038820042773677e-05,5.186337820366084e-07,0.1672096135788562,0.004616286834480759,0.001946241867434051,0.0013059802689043675,0.003591581461102063
e1_readout_all_one,977.7299094367094,2.6959068119059622e-05,5.002325918950934e-07,0.16741828658891914,0.004631929565120536,0.001946241867434051,0.0013059802689043675,0.003591581461102063
e1_readout_all_one,1013.695966551123,2.7914488698386792e-05,4.824842782347345e-07,0.16761955585501404,0.004647017289760309,0.001946241867434051,0.0013059802689043675,0.003591581461102063
e1_readout_all_one,1050.9850447287897,2.8906327816433342e-05,4.653656769179737e-07,0.16781368406288394,0.00466156970008097,0.001946241867434051,0.0013059802689043675,0.003591581461102063
e1_readout_all_one,1089.6458116545857,2.9935878907333967e-05,4.4885444567369277e-07,0.16800092457814966,0.004675605789100161,0.001946241867434051,0.0013059802689043675,0.003591581461102063
e1_readout_all_one,1129.7287252672304,3.100448452768696e-05,4.3292903493729287e-07,0.1681815217769888,0.004689143875960928,0.001946241867434051,0.0013059802689043675,0.003591581461102063
e1_readout_all_one,1171.2860996142688,3.21135382173265e-05,4.175686597253646e-07,0.16835571136508223,0.00470220162984088,0.001946241867434051,0.0013059802689043675,0.003591581461102063
e1_readout_all_one,1214.3721731295154,3.326448610113393e-05,4.027532725082604e-07,0.1685237206852444,0.004714796093013037,0.001946241867434051,0.0013059802689043675,0.003591581461102063
e1_readout_all_one,1259.0431794221388,3.4458828940933684e-05,3.884635370451378e-07,0.1686857690141389,0.004726943703088484,0.001946241867434051,0.0013059802689043675,0.003591581461102063
e1_readout_all_one,1305.3574206697017,3.5698124073309857e-05,3.746808031473523e-07,0.16884206784846634,0.004738660314469852,0.001946241867434051,0.0013059802689043675,0.003591581461102063
e1_readout_all_one,1353.375343711023,3.6983987317515045e-05,3.6138708233723567e-07,0.16899282118099854,0.004749961219043622,0.001946241867434051,0.0013059802689043675,0.003591581461102063
e1_readout_all_one,1403.159618938111,3.831809515129691e-05,3.485650243705114e-07,0.16913822576681878,0.004760861166138271,0.001946241867434051,0.0013059802689043675,0.003591581461102063
e1_readout_all_one,1454.7752220901527,3.970218695827506e-05,3.361978945916986e-07,0.16927847138011579,0.004771374381774289,0.001946241867434051,0.0013059802689043675,0.003591581461102063
e1_readout_all_one,1508.289519056352,4.113806715569083e-05,3.2426955209294063e-07,0.16941374106186696,0.0047815145872312234,0.001946241867434051,0.0013059802689043675,0.003591581461102063
e1_readout_all_one,1563.7723537982135,4.2627607619835716e-05,3.127644286477722e-07,0.1695442113587333,0.004791295016955937,0.001946241867434051,0.0013059802689043675,0.003591581461102063
e1_readout_all_one,1621.2961395061195,4.417275010777325e-05,3.0166750839230875e-07,0.16967005255347853,0.004800728435835495,0.001946241867434051,0.0013059802689043675,0.003591581461102063
e1_readout_all_one,1680.9359531090943,4.57755087911481e-05,2.909643082273567e-07,0.16979142888721332,0.004809827155857208,0.001946241867434051,0.0013059802689043675,0.003591581461102063
e1_readout_all_one,1742.7696332611347,4.743797278878377e-05,2.8064085891585823e-07,0.16990849877375339,0.004818603052177567,0.001946241867434051,0.0013059802689043675,0.003591581461102063
e1_readout_all_one,1806.877881932029,4.916230901160782e-05,2.706836868509959e-07,0.17002141500637294,0.004827067578621059,0.001946241867434051,0.0013059802689043675,0.003591581461102063
e1_readout_all_one,1873.3443697351668,5.095076488852783e-05,2.610797964711756e-07,0.17013032495722208,0.004835545703961306,0.001946241867434051,0.0013059802689043675,0.003591581461102063
e1_readout_all_one,1942.255845129918,5.280567124793142e-05,2.518166532989193e-07,0.17023537076966896,0.00484802884067309,0.001946241867434051,0.0013059802689043675,0.003591581461102063
e1_readout_all_one,2013.7022476410118,5.4729445485673914e-05,2.42882167581546e-07,0.1703366895438176,0.004865738707299257,0.001946241867434051,0.0013059802689043675,0.003591581461102063
e1_readout_all_one,2087.776825242719,5.6724594567706736e-05,2.3426467851228284e-07,0.17043441351544356,0.004888698417798378,0.001946241867434051,0.0013059802689043675,0.003591581461102063
e1_readout_all_one,2164.5762560610865,5.879371829273986e-05,2.2595293901120823e-07,0.17052867022858084,0.004916937937940861,0.001946241867434051,0.0013059802689043675,0.003591581461102063
e1_readout_all_one,2244.2007745529554,6.093951276944073e-05,2.1793610104617634e-07,0.17061958270198557,0.004950494124418647,0.001946241867434051,0.0013059802689043675,0.003591581461102063
e1_readout_all_one,2326.7543023265807,6.316477379572783e-05,2.102037014745494e-07,0.1707072695896932,0.0049894107729485816,0.001946241867434051,0.0013059802689043675,0.003591581461102063
e1_readout_all_one,2412.3445837744475,6.547240053398559e-05,2.0274564838727448e-07,0.17079184533587954,0.0050337386754321905,0.001946241867434051,0.0013059802689043675,0.003591581461102063
e1_readout_all_one,2501.083326695449,6.78653992778137e-05,1.9555220793746696e-07,0.17087342032422706,0.005083535686246539,0.001946241867434051,0.0013059802689043675,0.003591581461102063
e1_readout_all_one,2593.0863480898397,7.034688731859167e-05,1.886139916363229e-07,0.1709521010219916,0.005138866797752622,0.001946241867434051,0.0013059802689043675,0.003591581461102063
e1_readout_all_one,2688.4737253172952,7.292009697104209e-05,1.819219440997725e-07,0.17102799011895767,0.005196545368417753,0.001946241867434051,0.0013059802689043675,0.003591581461102063
e1_readout_all_one,2787.3699528154143,7.5588379851842e-05,1.75467331229881e-07,0.17110118666146373,0.0052522023651055795,0.001946241867434051,0.0013059802689043675,0.003591581461102063
e1_readout_all_one,2889.9041045830695,7.835521107874699e-05,1.6924172881558025e-07,0.17117178618167198,0.005305884644730551,0.001946241867434051,0.0013059802689043675,0.003591581461102063
e1_readout_all_one,2996.210002640841,8.122419386580894e-05,1.6323701153784182e-07,0.17123988082225175,0.0053576622704960535,0.001946241867434051,0.0013059802689043675,0.003591581461102063
e1_readout_all_one,3106.42639168825,8.419906418946707e-05,1.5744534236495234e-07,0.17130555945663925,0.005407602819754419,0.001946241867434051,0.0013059802689043675,0.003591581461102063
e1_readout_all_one,3220.697120185805,8.728369552567e-05,1.5185916232404488e-07,0.17136890780503022,0.005455771472205238,0.001946241867434051,0.0013059802689043675,0.003591581461102063
e1_readout_all_one,3339.1713280982667,9.048210397867425e-05,1.464711806355349e-07,0.1714300085462574,0.005502231094964383,0.001946241867434051,0.0013059802689043675,0.003591581461102063
e1_readout_all_one,3462.0036415439963,9.379845337793635e-05,1.4127436519759206e-07,0.1714889414256984,0.0055470423246147356,0.001946241867434051,0.0013059802689043675,0.003591581461102063
e1_readout_all_one,3589.3543746046375,9.723706071189481e-05,1.3626193340821993e-07,0.171545783359355,0.005590263646345799,0.001946241867434051,0.0013059802689043675,0.003591581461102063
e1_readout_all_one,3721.3897385583523,0.00010080240166858384,1.314273433129721e-07,0.17160060853423992,0.005631951470285382,0.001946241867434051,0.0013059802689043675,0.003591581461102063
e1_readout_all_one,3858.282058809752,0.0001044991164521792,1.2676428506674835e-07,0.17165348850520148,0.005672160205123043,0.001946241867434051,0.0013059802689043675,0.003591581461102063
e1_readout_all_one,4000.2099997997284,0.00010833201573748432,1.2226667269852498e-07,0.17170449228831325,0.005710942329121372,0.001946241867434051,0.0013059802689043675,0.003591581461102063
